label_name,bbox_x,bbox_y,bbox_width,bbox_height,image_name,image_width,image_height
Light_Switch,351,112,179,187,Img_1.jpg,720,1280
On,395,167,40,35,Img_1.jpg,720,1280
On,446,166,45,49,Img_1.jpg,720,1280
Off,390,227,44,43,Img_1.jpg,720,1280
Off,439,227,48,42,Img_1.jpg,720,1280
Radiator,133,843,566,249,Img_10.jpg,720,1280
Knob_Radiator,142,857,54,52,Img_10.jpg,720,1280
Knob_Radiator,71,555,93,101,Img_100.jpg,720,1280
Radiator,66,514,504,245,Img_100.jpg,720,1280
Radiator,333,497,387,249,Img_101.jpg,720,1280
Knob_Radiator,327,530,120,134,Img_101.jpg,720,1280
Knob_Radiator,167,547,110,110,Img_102.jpg,720,1280
Radiator,177,514,497,246,Img_102.jpg,720,1280
Light_Switch,338,718,125,133,Img_103.jpg,720,1280
Light_Switch,309,825,165,132,Img_103.jpg,720,1280
Radiator,365,537,355,477,Img_104.jpg,720,1280
Knob_Radiator,359,624,162,150,Img_104.jpg,720,1280
Knob_Radiator,49,1064,115,102,Img_105.jpg,720,1280
Radiator,62,1018,376,262,Img_105.jpg,720,1280
Light_Switch,302,743,67,58,Img_105.jpg,720,1280
Jalousie_Switch,294,700,67,49,Img_105.jpg,720,1280
Light_Switch,372,691,94,77,Img_106.jpg,720,1280
Light_Switch,379,763,91,78,Img_106.jpg,720,1280
Light_Switch,334,767,59,60,Img_107.jpg,720,1280
Jalousie_Switch,326,709,71,67,Img_107.jpg,720,1280
Light_Switch,430,116,172,162,Img_108.jpg,720,1280
Knob_Radiator,320,672,127,133,Img_109.jpg,720,1280
Radiator,328,651,392,244,Img_109.jpg,720,1280
Radiator,124,639,579,275,Img_11.jpg,720,1280
Knob_Radiator,104,682,128,130,Img_11.jpg,720,1280
Light_Switch,584,71,129,125,Img_11.jpg,720,1280
Light_Switch,621,90,27,80,Img_11.jpg,720,1280
Light_Switch,652,90,38,82,Img_11.jpg,720,1280
On,627,99,22,21,Img_11.jpg,720,1280
On,655,95,29,29,Img_11.jpg,720,1280
Off,650,141,33,24,Img_11.jpg,720,1280
Off,622,141,21,22,Img_11.jpg,720,1280
Jalousie_Switch,601,0,118,77,Img_11.jpg,720,1280
Down,669,34,26,24,Img_11.jpg,720,1280
Down,639,36,25,20,Img_11.jpg,720,1280
Knob_Radiator,311,674,153,119,Img_110.jpg,720,1280
Radiator,332,646,388,270,Img_110.jpg,720,1280
Radiator,119,414,460,310,Img_111.jpg,720,1280
Knob_Radiator,134,511,102,111,Img_111.jpg,720,1280
Light_Switch,418,0,102,75,Img_111.jpg,720,1280
Radiator,13,774,610,334,Img_112.jpg,720,1280
Light_Switch,403,154,137,125,Img_112.jpg,720,1280
Light_Switch,425,166,45,100,Img_112.jpg,720,1280
Light_Switch,471,162,53,108,Img_112.jpg,720,1280
On,442,176,26,25,Img_112.jpg,720,1280
On,484,178,14,16,Img_112.jpg,720,1280
Off,480,230,17,17,Img_112.jpg,720,1280
Off,444,233,21,16,Img_112.jpg,720,1280
Jalousie_Switch,410,10,135,143,Img_112.jpg,720,1280
Jalousie_Switch,435,33,45,105,Img_112.jpg,720,1280
Jalousie_Switch,482,31,48,105,Img_112.jpg,720,1280
Up,451,47,24,24,Img_112.jpg,720,1280
Up,492,47,22,24,Img_112.jpg,720,1280
Down,452,112,19,18,Img_112.jpg,720,1280
Down,486,109,22,19,Img_112.jpg,720,1280
Radiator,225,233,495,472,Img_113.jpg,720,1280
Knob_Radiator,220,285,120,127,Img_113.jpg,720,1280
Knob_Radiator,9,553,126,106,Img_114.jpg,720,1280
Radiator,21,512,534,302,Img_114.jpg,720,1280
Radiator,115,742,605,275,Img_115.jpg,720,1280
Knob_Radiator,106,778,138,149,Img_115.jpg,720,1280
Light_Switch,631,123,89,121,Img_115.jpg,720,1280
Down,685,69,35,35,Img_115.jpg,720,1280
Up,704,15,16,27,Img_115.jpg,720,1280
Light_Switch,658,138,45,94,Img_115.jpg,720,1280
On,682,149,16,16,Img_115.jpg,720,1280
Off,671,200,18,13,Img_115.jpg,720,1280
Off,700,200,20,17,Img_115.jpg,720,1280
Light_Switch,304,707,118,90,Img_116.jpg,720,1280
Light_Switch,293,776,145,112,Img_116.jpg,720,1280
Knob_Radiator,241,670,203,177,Img_117.jpg,720,1280
Radiator,159,335,561,693,Img_117.jpg,720,1280
Radiator,0,642,463,281,Img_118.jpg,720,1280
Off,324,157,14,13,Img_118.jpg,720,1280
Off,351,155,15,15,Img_118.jpg,720,1280
On,321,110,12,12,Img_118.jpg,720,1280
On,351,109,11,12,Img_118.jpg,720,1280
Light_Switch,311,101,34,72,Img_118.jpg,720,1280
Light_Switch,345,100,33,74,Img_118.jpg,720,1280
Light_Switch,292,85,102,107,Img_118.jpg,720,1280
Jalousie_Switch,290,0,110,86,Img_118.jpg,720,1280
Jalousie_Switch,340,0,37,69,Img_118.jpg,720,1280
Jalousie_Switch,307,0,34,71,Img_118.jpg,720,1280
Down,348,49,17,13,Img_118.jpg,720,1280
Down,318,52,16,11,Img_118.jpg,720,1280
Up,317,0,14,11,Img_118.jpg,720,1280
Up,347,0,17,9,Img_118.jpg,720,1280
Light_Switch,271,90,278,288,Img_119.jpg,720,1280
Light_Switch,412,121,93,197,Img_119.jpg,720,1280
Light_Switch,319,117,95,214,Img_119.jpg,720,1280
On,346,165,67,56,Img_119.jpg,720,1280
On,416,159,45,64,Img_119.jpg,720,1280
Off,363,242,49,52,Img_119.jpg,720,1280
Off,412,234,50,70,Img_119.jpg,720,1280
Knob_Radiator,480,415,234,209,Img_12.jpg,720,1280
Radiator,0,361,689,615,Img_12.jpg,720,1280
Radiator,21,832,609,329,Img_120.jpg,720,1280
Knob_Radiator,10,878,76,69,Img_120.jpg,720,1280
Knob_Radiator,77,659,222,192,Img_121.jpg,720,1280
Radiator,141,113,579,943,Img_121.jpg,720,1280
Radiator,98,267,411,283,Img_122.jpg,720,1280
Knob_Radiator,130,296,90,87,Img_122.jpg,720,1280
Jalousie_Switch,249,752,115,87,Img_123.jpg,720,1280
Light_Switch,264,827,95,93,Img_123.jpg,720,1280
Up,299,785,13,10,Img_123.jpg,720,1280
Up,318,784,12,9,Img_123.jpg,720,1280
Down,319,813,10,9,Img_123.jpg,720,1280
Down,300,815,11,9,Img_123.jpg,720,1280
Jalousie_Switch,292,782,22,47,Img_123.jpg,720,1280
Jalousie_Switch,315,781,19,47,Img_123.jpg,720,1280
Light_Switch,294,846,22,51,Img_123.jpg,720,1280
Light_Switch,317,843,19,50,Img_123.jpg,720,1280
On,302,851,9,10,Img_123.jpg,720,1280
On,320,848,11,9,Img_123.jpg,720,1280
Off,301,882,12,10,Img_123.jpg,720,1280
Off,319,879,13,12,Img_123.jpg,720,1280
Knob_Radiator,15,610,137,155,Img_124.jpg,720,1280
Radiator,33,302,687,687,Img_124.jpg,720,1280
Radiator,242,778,357,197,Img_125.jpg,720,1280
Radiator,258,443,449,281,Img_126.jpg,720,1280
Knob_Radiator,251,496,109,116,Img_126.jpg,720,1280
Light_Switch,605,0,99,70,Img_126.jpg,720,1280
Off,638,32,16,16,Img_126.jpg,720,1280
Off,661,31,13,16,Img_126.jpg,720,1280
Knob_Radiator,104,852,71,81,Img_127.jpg,720,1280
Radiator,88,834,632,379,Img_127.jpg,720,1280
Radiator,279,676,441,591,Img_128.jpg,720,1280
Knob_Radiator,257,776,178,188,Img_128.jpg,720,1280
Knob_Radiator,264,816,162,162,Img_129.jpg,720,1280
Radiator,223,763,497,314,Img_129.jpg,720,1280
Radiator,294,729,426,289,Img_13.jpg,720,1280
Knob_Radiator,313,781,150,126,Img_13.jpg,720,1280
Radiator,180,775,444,202,Img_130.jpg,720,1280
Radiator,39,527,516,272,Img_131.jpg,720,1280
Knob_Radiator,42,550,104,108,Img_131.jpg,720,1280
Light_Switch,424,724,152,112,Img_132.jpg,720,1280
Light_Switch,434,814,143,127,Img_132.jpg,720,1280
Radiator,0,508,442,287,Img_133.jpg,720,1280
Light_Switch,300,717,118,111,Img_134.jpg,720,1280
Light_Switch,311,823,116,100,Img_134.jpg,720,1280
Radiator,500,810,171,148,Img_135.jpg,720,1280
Knob_Radiator,503,822,57,47,Img_135.jpg,720,1280
Radiator,6,259,714,432,Img_136.jpg,720,1280
Radiator,307,533,413,499,Img_137.jpg,720,1280
Knob_Radiator,329,614,169,191,Img_137.jpg,720,1280
Knob_Radiator,384,842,58,60,Img_138.jpg,720,1280
Radiator,400,833,182,161,Img_138.jpg,720,1280
Light_Switch,170,701,86,75,Img_139.jpg,720,1280
Light_Switch,175,775,92,67,Img_139.jpg,720,1280
Light_Switch,531,930,115,120,Img_14.jpg,720,1280
Light_Switch,536,935,60,104,Img_14.jpg,720,1280
Light_Switch,593,936,47,104,Img_14.jpg,720,1280
On,563,950,26,34,Img_14.jpg,720,1280
On,593,951,33,33,Img_14.jpg,720,1280
Off,561,995,31,32,Img_14.jpg,720,1280
Off,599,992,30,44,Img_14.jpg,720,1280
Jalousie_Switch,536,830,117,109,Img_14.jpg,720,1280
Jalousie_Switch,546,840,50,96,Img_14.jpg,720,1280
Jalousie_Switch,590,842,52,91,Img_14.jpg,720,1280
Up,560,852,33,32,Img_14.jpg,720,1280
Up,596,850,37,31,Img_14.jpg,720,1280
Down,560,896,37,31,Img_14.jpg,720,1280
Down,595,895,39,37,Img_14.jpg,720,1280
Down,568,773,1,0,Img_14.jpg,720,1280
Radiator,290,847,213,195,Img_140.jpg,720,1280
Knob_Radiator,296,889,62,56,Img_140.jpg,720,1280
Light_Switch,249,152,169,162,Img_141.jpg,720,1280
Light_Switch,321,682,92,69,Img_142.jpg,720,1280
Light_Switch,340,736,67,75,Img_142.jpg,720,1280
Radiator,407,807,175,155,Img_143.jpg,720,1280
Knob_Radiator,408,822,53,48,Img_143.jpg,720,1280
Knob_Radiator,409,721,43,43,Img_144.jpg,720,1280
Radiator,320,711,142,326,Img_144.jpg,720,1280
Radiator,378,507,342,352,Img_145.jpg,720,1280
Knob_Radiator,396,550,90,90,Img_145.jpg,720,1280
Knob_Radiator,161,841,48,39,Img_146.jpg,720,1280
Radiator,156,824,522,279,Img_146.jpg,720,1280
Light_Switch,0,0,191,165,Img_147.jpg,720,1280
Light_Switch,87,25,62,104,Img_147.jpg,720,1280
Light_Switch,39,25,59,117,Img_147.jpg,720,1280
On,90,31,48,39,Img_147.jpg,720,1280
On,50,28,44,42,Img_147.jpg,720,1280
Off,100,85,37,36,Img_147.jpg,720,1280
Off,60,89,35,40,Img_147.jpg,720,1280
Radiator,0,395,720,546,Img_148.jpg,720,1280
Radiator,37,522,489,244,Img_149.jpg,720,1280
Knob_Radiator,49,555,94,104,Img_149.jpg,720,1280
Radiator,387,487,333,230,Img_15.jpg,720,1280
Knob_Radiator,390,507,73,101,Img_15.jpg,720,1280
Light_Switch,328,704,125,115,Img_150.jpg,720,1280
Light_Switch,326,807,123,102,Img_150.jpg,720,1280
Radiator,289,529,431,275,Img_151.jpg,720,1280
Knob_Radiator,294,549,77,100,Img_151.jpg,720,1280
Radiator,232,389,488,567,Img_152.jpg,720,1280
Radiator,29,506,491,262,Img_153.jpg,720,1280
Knob_Radiator,45,557,90,95,Img_153.jpg,720,1280
Radiator,0,744,429,268,Img_154.jpg,720,1280
Light_Switch,235,134,123,108,Img_154.jpg,720,1280
Light_Switch,257,138,42,93,Img_154.jpg,720,1280
Light_Switch,298,138,45,96,Img_154.jpg,720,1280
On,256,152,36,35,Img_154.jpg,720,1280
On,301,150,40,41,Img_154.jpg,720,1280
Off,259,196,37,30,Img_154.jpg,720,1280
Off,302,196,35,32,Img_154.jpg,720,1280
Jalousie_Switch,226,1,135,136,Img_154.jpg,720,1280
Jalousie_Switch,242,13,47,110,Img_154.jpg,720,1280
Jalousie_Switch,290,14,45,106,Img_154.jpg,720,1280
Up,246,21,42,37,Img_154.jpg,720,1280
Up,292,18,40,40,Img_154.jpg,720,1280
Down,253,79,35,36,Img_154.jpg,720,1280
Down,293,78,39,39,Img_154.jpg,720,1280
Radiator,316,640,404,278,Img_155.jpg,720,1280
Knob_Radiator,337,679,99,115,Img_155.jpg,720,1280
Radiator,248,521,472,250,Img_156.jpg,720,1280
Knob_Radiator,266,562,85,89,Img_156.jpg,720,1280
Radiator,244,414,475,557,Img_157.jpg,720,1280
Knob_Radiator,233,628,126,144,Img_157.jpg,720,1280
Radiator,336,514,384,294,Img_158.jpg,720,1280
Knob_Radiator,354,542,87,109,Img_158.jpg,720,1280
Radiator,66,397,652,589,Img_159.jpg,720,1280
Knob_Radiator,79,629,148,144,Img_159.jpg,720,1280
Light_Switch,551,802,107,109,Img_16.jpg,720,1280
Light_Switch,600,819,34,84,Img_16.jpg,720,1280
Light_Switch,568,817,31,77,Img_16.jpg,720,1280
On,601,825,30,31,Img_16.jpg,720,1280
On,573,824,26,30,Img_16.jpg,720,1280
Off,574,863,25,25,Img_16.jpg,720,1280
Off,602,861,29,30,Img_16.jpg,720,1280
Light_Switch,358,749,48,42,Img_160.jpg,720,1280
Jalousie_Switch,363,701,44,48,Img_160.jpg,720,1280
Radiator,134,1033,357,247,Img_160.jpg,720,1280
Knob_Radiator,138,1075,64,73,Img_160.jpg,720,1280
Light_Switch,197,708,113,92,Img_161.jpg,720,1280
Light_Switch,198,783,116,98,Img_161.jpg,720,1280
Light_Switch,435,836,124,152,Img_163.jpg,720,1280
Light_Switch,458,858,32,103,Img_163.jpg,720,1280
Light_Switch,488,859,40,100,Img_163.jpg,720,1280
On,456,866,30,37,Img_163.jpg,720,1280
On,489,872,36,32,Img_163.jpg,720,1280
Off,492,917,32,33,Img_163.jpg,720,1280
Off,460,919,26,26,Img_163.jpg,720,1280
Knob_Radiator,510,540,96,101,Img_164.jpg,720,1280
Radiator,501,507,219,286,Img_164.jpg,720,1280
Radiator,195,539,525,500,Img_165.jpg,720,1280
Knob_Radiator,202,626,135,127,Img_165.jpg,720,1280
Knob_Radiator,72,718,95,119,Img_166.jpg,720,1280
Radiator,65,701,608,280,Img_166.jpg,720,1280
Light_Switch,586,115,134,134,Img_166.jpg,720,1280
Off,612,188,34,30,Img_166.jpg,720,1280
Off,649,192,34,26,Img_166.jpg,720,1280
Light_Switch,626,140,31,30,Img_166.jpg,720,1280
Light_Switch,661,137,33,32,Img_166.jpg,720,1280
Jalousie_Switch,602,0,118,115,Img_166.jpg,720,1280
Jalousie_Switch,635,14,43,96,Img_166.jpg,720,1280
Jalousie_Switch,675,14,42,92,Img_166.jpg,720,1280
Up,652,19,24,20,Img_166.jpg,720,1280
Up,690,22,21,20,Img_166.jpg,720,1280
Down,640,80,26,22,Img_166.jpg,720,1280
Down,678,79,28,22,Img_166.jpg,720,1280
Knob_Radiator,515,655,143,146,Img_167.jpg,720,1280
Knob_Radiator,454,396,170,178,Img_168.jpg,720,1280
Radiator,0,388,640,565,Img_168.jpg,720,1280
Knob_Radiator,334,671,98,121,Img_169.jpg,720,1280
Radiator,326,655,394,241,Img_169.jpg,720,1280
Light_Switch,363,830,120,135,Img_17.jpg,720,1280
Light_Switch,384,854,37,81,Img_17.jpg,720,1280
Light_Switch,420,859,37,76,Img_17.jpg,720,1280
On,396,865,17,15,Img_17.jpg,720,1280
On,426,865,16,18,Img_17.jpg,720,1280
Off,400,910,15,16,Img_17.jpg,720,1280
Off,429,914,16,15,Img_17.jpg,720,1280
Knob_Radiator,158,794,163,175,Img_170.jpg,720,1280
Radiator,136,671,584,337,Img_170.jpg,720,1280
Light_Switch,172,698,109,78,Img_171.jpg,720,1280
Light_Switch,174,778,113,75,Img_171.jpg,720,1280
Knob_Radiator,167,747,102,117,Img_172.jpg,720,1280
Radiator,156,730,564,234,Img_172.jpg,720,1280
Knob_Radiator,399,918,60,48,Img_173.jpg,720,1280
Radiator,391,887,227,187,Img_173.jpg,720,1280
Knob_Radiator,60,794,118,128,Img_174.jpg,720,1280
Radiator,51,755,638,233,Img_174.jpg,720,1280
Light_Switch,570,120,133,126,Img_174.jpg,720,1280
Light_Switch,604,141,39,87,Img_174.jpg,720,1280
Light_Switch,636,142,51,85,Img_174.jpg,720,1280
Jalousie_Switch,586,1,133,120,Img_174.jpg,720,1280
Jalousie_Switch,613,15,48,96,Img_174.jpg,720,1280
Jalousie_Switch,662,11,45,95,Img_174.jpg,720,1280
Up,641,23,17,19,Img_174.jpg,720,1280
Up,674,24,23,18,Img_174.jpg,720,1280
Down,665,83,19,17,Img_174.jpg,720,1280
Down,631,84,17,17,Img_174.jpg,720,1280
On,619,149,14,16,Img_174.jpg,720,1280
On,652,150,18,16,Img_174.jpg,720,1280
Off,644,200,17,15,Img_174.jpg,720,1280
Off,613,202,13,13,Img_174.jpg,720,1280
Light_Switch,203,715,148,123,Img_175.jpg,720,1280
Light_Switch,189,825,162,126,Img_175.jpg,720,1280
Knob_Radiator,599,820,57,58,Img_176.jpg,720,1280
Radiator,336,805,327,475,Img_176.jpg,720,1280
Knob_Radiator,337,293,60,67,Img_177.jpg,720,1280
Radiator,324,266,359,214,Img_177.jpg,720,1280
Knob_Radiator,172,548,77,102,Img_178.jpg,720,1280
Radiator,160,520,486,235,Img_178.jpg,720,1280
Knob_Radiator,127,91,65,62,Img_179.jpg,720,1280
Radiator,109,70,611,321,Img_179.jpg,720,1280
Light_Switch,64,109,208,213,Img_18.jpg,720,1280
Light_Switch,92,154,78,137,Img_18.jpg,720,1280
Light_Switch,161,158,66,137,Img_18.jpg,720,1280
On,118,172,37,34,Img_18.jpg,720,1280
On,175,172,39,31,Img_18.jpg,720,1280
Off,133,249,35,35,Img_18.jpg,720,1280
Off,185,250,27,31,Img_18.jpg,720,1280
Light_Switch,416,664,76,62,Img_180.jpg,720,1280
Light_Switch,410,722,89,69,Img_180.jpg,720,1280
Knob_Radiator,299,545,87,99,Img_181.jpg,720,1280
Radiator,299,482,421,258,Img_181.jpg,720,1280
Knob_Radiator,0,549,91,106,Img_182.jpg,720,1280
Radiator,0,516,476,249,Img_182.jpg,720,1280
Knob_Radiator,466,428,144,157,Img_183.jpg,720,1280
Radiator,0,401,627,561,Img_183.jpg,720,1280
Light_Switch,463,689,91,74,Img_184.jpg,720,1280
Light_Switch,467,755,89,83,Img_184.jpg,720,1280
Knob_Radiator,332,615,125,137,Img_185.jpg,720,1280
Radiator,320,549,400,472,Img_185.jpg,720,1280
Knob_Radiator,315,286,77,62,Img_186.jpg,720,1280
Radiator,301,186,269,297,Img_186.jpg,720,1280
Light_Switch,285,172,180,162,Img_187.jpg,720,1280
Knob_Radiator,14,657,125,129,Img_188.jpg,720,1280
Radiator,6,531,714,469,Img_188.jpg,720,1280
Knob_Radiator,10,590,83,93,Img_189.jpg,720,1280
Radiator,0,490,490,308,Img_189.jpg,720,1280
Knob_Radiator,298,679,108,112,Img_19.jpg,720,1280
Radiator,291,652,429,246,Img_19.jpg,720,1280
Knob_Radiator,50,731,98,121,Img_190.jpg,720,1280
Radiator,48,705,588,278,Img_190.jpg,720,1280
Light_Switch,551,112,127,137,Img_190.jpg,720,1280
Light_Switch,580,133,36,89,Img_190.jpg,720,1280
Light_Switch,616,134,47,89,Img_190.jpg,720,1280
Jalousie_Switch,563,2,133,119,Img_190.jpg,720,1280
Jalousie_Switch,594,14,37,92,Img_190.jpg,720,1280
Jalousie_Switch,633,10,43,92,Img_190.jpg,720,1280
On,596,143,18,18,Img_190.jpg,720,1280
On,630,143,18,19,Img_190.jpg,720,1280
Off,588,195,18,17,Img_190.jpg,720,1280
Off,622,196,17,18,Img_190.jpg,720,1280
Down,605,79,19,20,Img_190.jpg,720,1280
Down,639,83,20,14,Img_190.jpg,720,1280
Up,615,18,15,15,Img_190.jpg,720,1280
Up,650,21,21,16,Img_190.jpg,720,1280
Knob_Radiator,251,784,100,129,Img_191.jpg,720,1280
Radiator,250,749,470,227,Img_191.jpg,720,1280
Knob_Radiator,232,681,87,117,Img_192.jpg,720,1280
Radiator,236,657,484,238,Img_192.jpg,720,1280
Knob_Radiator,267,508,76,93,Img_193.jpg,720,1280
Radiator,257,456,463,262,Img_193.jpg,720,1280
Light_Switch,607,0,95,70,Img_193.jpg,720,1280
Off,637,30,15,17,Img_193.jpg,720,1280
Off,659,32,15,15,Img_193.jpg,720,1280
Knob_Radiator,483,437,136,137,Img_194.jpg,720,1280
Radiator,0,405,616,554,Img_194.jpg,720,1280
Knob_Radiator,393,889,50,42,Img_195.jpg,720,1280
Radiator,382,860,210,171,Img_195.jpg,720,1280
Radiator,0,746,500,260,Img_196.jpg,720,1280
Off,346,204,26,22,Img_196.jpg,720,1280
Off,380,207,26,19,Img_196.jpg,720,1280
On,349,154,23,24,Img_196.jpg,720,1280
On,383,154,18,23,Img_196.jpg,720,1280
Light_Switch,339,148,38,83,Img_196.jpg,720,1280
Light_Switch,376,148,37,84,Img_196.jpg,720,1280
Light_Switch,311,131,134,123,Img_196.jpg,720,1280
Jalousie_Switch,313,0,127,141,Img_196.jpg,720,1280
Jalousie_Switch,333,21,45,95,Img_196.jpg,720,1280
Jalousie_Switch,376,21,42,99,Img_196.jpg,720,1280
Up,384,30,27,22,Img_196.jpg,720,1280
Up,347,30,22,21,Img_196.jpg,720,1280
Down,350,94,18,15,Img_196.jpg,720,1280
Down,384,94,22,15,Img_196.jpg,720,1280
Knob_Radiator,430,580,119,138,Img_197.jpg,720,1280
Radiator,428,516,292,457,Img_197.jpg,720,1280
Knob_Radiator,129,689,146,127,Img_198.jpg,720,1280
Radiator,131,254,589,758,Img_198.jpg,720,1280
Knob_Radiator,198,801,40,26,Img_199.jpg,720,1280
Radiator,200,781,404,183,Img_199.jpg,720,1280
Knob_Radiator,340,679,107,108,Img_2.jpg,720,1280
Radiator,337,657,383,237,Img_2.jpg,720,1280
Knob_Radiator,348,652,151,140,Img_20.jpg,720,1280
Radiator,358,523,362,455,Img_20.jpg,720,1280
Knob_Radiator,126,832,40,39,Img_200.jpg,720,1280
Radiator,123,814,152,132,Img_200.jpg,720,1280
Knob_Radiator,0,795,99,129,Img_201.jpg,720,1280
Radiator,0,738,609,253,Img_201.jpg,720,1280
Down,508,79,31,30,Img_201.jpg,720,1280
Down,546,83,33,25,Img_201.jpg,720,1280
Jalousie_Switch,507,19,40,91,Img_201.jpg,720,1280
Jalousie_Switch,546,18,50,90,Img_201.jpg,720,1280
Jalousie_Switch,475,1,129,123,Img_201.jpg,720,1280
Up,521,28,18,14,Img_201.jpg,720,1280
Up,558,27,22,18,Img_201.jpg,720,1280
Light_Switch,470,119,123,123,Img_201.jpg,720,1280
Light_Switch,496,143,34,79,Img_201.jpg,720,1280
Light_Switch,533,144,42,78,Img_201.jpg,720,1280
On,511,154,14,14,Img_201.jpg,720,1280
On,546,153,16,15,Img_201.jpg,720,1280
Off,507,205,16,15,Img_201.jpg,720,1280
Off,539,204,16,15,Img_201.jpg,720,1280
Knob_Radiator,22,790,119,127,Img_202.jpg,720,1280
Radiator,26,743,609,256,Img_202.jpg,720,1280
Off,546,203,20,14,Img_202.jpg,720,1280
Off,581,201,16,17,Img_202.jpg,720,1280
On,556,151,15,15,Img_202.jpg,720,1280
On,590,151,13,13,Img_202.jpg,720,1280
Down,561,86,19,17,Img_202.jpg,720,1280
Down,598,87,17,15,Img_202.jpg,720,1280
Up,568,26,19,16,Img_202.jpg,720,1280
Up,604,26,22,17,Img_202.jpg,720,1280
Light_Switch,538,141,36,81,Img_202.jpg,720,1280
Light_Switch,576,138,41,83,Img_202.jpg,720,1280
Light_Switch,509,125,127,118,Img_202.jpg,720,1280
Jalousie_Switch,547,15,45,95,Img_202.jpg,720,1280
Jalousie_Switch,591,14,48,95,Img_202.jpg,720,1280
Jalousie_Switch,524,1,134,123,Img_202.jpg,720,1280
Radiator,8,192,709,777,Img_203.jpg,720,1280
Radiator,0,925,380,218,Img_204.jpg,720,1280
Jalousie_Switch,70,65,192,172,Img_204.jpg,720,1280
Jalousie_Switch,109,110,57,109,Img_204.jpg,720,1280
Jalousie_Switch,169,104,53,119,Img_204.jpg,720,1280
Up,129,119,28,21,Img_204.jpg,720,1280
Up,179,121,21,19,Img_204.jpg,720,1280
Down,144,189,19,18,Img_204.jpg,720,1280
Down,186,191,22,17,Img_204.jpg,720,1280
Light_Switch,106,229,169,136,Img_204.jpg,720,1280
Light_Switch,142,253,50,91,Img_204.jpg,720,1280
Light_Switch,193,251,41,97,Img_204.jpg,720,1280
On,159,263,15,16,Img_204.jpg,720,1280
On,199,265,20,15,Img_204.jpg,720,1280
Off,168,322,17,15,Img_204.jpg,720,1280
Off,206,323,18,17,Img_204.jpg,720,1280
Knob_Radiator,367,231,120,100,Img_205.jpg,720,1280
Radiator,0,202,484,835,Img_205.jpg,720,1280
Knob_Radiator,80,304,77,83,Img_206.jpg,720,1280
Radiator,83,245,637,456,Img_206.jpg,720,1280
Radiator,0,749,410,264,Img_207.jpg,720,1280
Off,244,208,24,22,Img_207.jpg,720,1280
Off,277,207,19,21,Img_207.jpg,720,1280
On,275,161,16,16,Img_207.jpg,720,1280
On,241,161,17,16,Img_207.jpg,720,1280
Down,267,95,24,18,Img_207.jpg,720,1280
Down,233,96,20,16,Img_207.jpg,720,1280
Up,225,36,21,17,Img_207.jpg,720,1280
Up,264,36,21,17,Img_207.jpg,720,1280
Jalousie_Switch,213,26,45,92,Img_207.jpg,720,1280
Jalousie_Switch,254,25,41,92,Img_207.jpg,720,1280
Light_Switch,229,153,42,79,Img_207.jpg,720,1280
Light_Switch,268,148,37,85,Img_207.jpg,720,1280
Light_Switch,204,134,126,118,Img_207.jpg,720,1280
Jalousie_Switch,183,0,157,138,Img_207.jpg,720,1280
Knob_Radiator,14,554,85,101,Img_208.jpg,720,1280
Radiator,16,525,490,236,Img_208.jpg,720,1280
Light_Switch,334,129,155,149,Img_209.jpg,720,1280
Knob_Radiator,0,757,93,118,Img_21.jpg,720,1280
Radiator,8,709,583,260,Img_21.jpg,720,1280
Light_Switch,471,112,126,118,Img_21.jpg,720,1280
Light_Switch,493,132,44,80,Img_21.jpg,720,1280
Light_Switch,535,134,41,79,Img_21.jpg,720,1280
On,511,141,16,16,Img_21.jpg,720,1280
On,547,140,16,17,Img_21.jpg,720,1280
Off,507,188,18,18,Img_21.jpg,720,1280
Off,541,192,15,14,Img_21.jpg,720,1280
Jalousie_Switch,481,0,131,113,Img_21.jpg,720,1280
Jalousie_Switch,508,11,39,90,Img_21.jpg,720,1280
Jalousie_Switch,548,8,41,87,Img_21.jpg,720,1280
Up,523,18,19,15,Img_21.jpg,720,1280
Up,559,18,21,15,Img_21.jpg,720,1280
Down,516,76,20,15,Img_21.jpg,720,1280
Down,551,78,20,13,Img_21.jpg,720,1280
Radiator,0,803,476,271,Img_210.jpg,720,1280
Down,300,134,24,17,Img_210.jpg,720,1280
Down,341,134,23,14,Img_210.jpg,720,1280
Up,299,70,21,17,Img_210.jpg,720,1280
Up,337,69,22,16,Img_210.jpg,720,1280
On,307,202,16,14,Img_210.jpg,720,1280
On,343,199,18,15,Img_210.jpg,720,1280
Off,310,255,17,13,Img_210.jpg,720,1280
Off,345,255,14,14,Img_210.jpg,720,1280
Light_Switch,294,191,39,85,Img_210.jpg,720,1280
Light_Switch,334,188,40,83,Img_210.jpg,720,1280
Light_Switch,265,173,134,121,Img_210.jpg,720,1280
Jalousie_Switch,284,59,46,96,Img_210.jpg,720,1280
Jalousie_Switch,330,56,41,99,Img_210.jpg,720,1280
Jalousie_Switch,256,26,146,146,Img_210.jpg,720,1280
Light_Switch,544,807,108,126,Img_211.jpg,720,1280
Light_Switch,564,835,26,70,Img_211.jpg,720,1280
Light_Switch,592,839,34,75,Img_211.jpg,720,1280
On,572,841,15,17,Img_211.jpg,720,1280
On,597,846,15,16,Img_211.jpg,720,1280
Off,572,883,16,15,Img_211.jpg,720,1280
Off,598,889,15,18,Img_211.jpg,720,1280
Knob_Radiator,266,554,86,90,Img_212.jpg,720,1280
Radiator,264,520,456,245,Img_212.jpg,720,1280
Knob_Radiator,257,811,45,34,Img_213.jpg,720,1280
Radiator,254,805,180,142,Img_213.jpg,720,1280
Knob_Radiator,304,673,167,140,Img_214.jpg,720,1280
Radiator,313,368,407,664,Img_214.jpg,720,1280
Knob_Radiator,426,867,42,40,Img_215.jpg,720,1280
Radiator,422,845,182,162,Img_215.jpg,720,1280
Knob_Radiator,234,82,64,64,Img_216.jpg,720,1280
Radiator,232,61,488,295,Img_216.jpg,720,1280
Light_Switch,247,214,159,224,Img_217.jpg,720,1280
Knob_Radiator,43,559,83,87,Img_218.jpg,720,1280
Radiator,43,525,485,236,Img_218.jpg,720,1280
Knob_Radiator,134,586,136,141,Img_219.jpg,720,1280
Radiator,138,391,582,563,Img_219.jpg,720,1280
Knob_Radiator,23,748,95,123,Img_22.jpg,720,1280
Radiator,25,718,595,245,Img_22.jpg,720,1280
Light_Switch,492,115,133,124,Img_22.jpg,720,1280
Light_Switch,524,133,35,75,Img_22.jpg,720,1280
Light_Switch,558,131,40,79,Img_22.jpg,720,1280
Jalousie_Switch,503,0,137,114,Img_22.jpg,720,1280
Jalousie_Switch,535,8,40,89,Img_22.jpg,720,1280
Jalousie_Switch,575,8,43,88,Img_22.jpg,720,1280
Up,549,17,21,17,Img_22.jpg,720,1280
Up,587,16,21,21,Img_22.jpg,720,1280
Down,546,77,18,15,Img_22.jpg,720,1280
Down,580,77,20,15,Img_22.jpg,720,1280
On,536,139,19,18,Img_22.jpg,720,1280
On,571,139,20,19,Img_22.jpg,720,1280
Off,534,191,16,14,Img_22.jpg,720,1280
Off,564,191,19,15,Img_22.jpg,720,1280
Jalousie_Switch,411,780,17,46,Img_220.jpg,720,1280
Jalousie_Switch,430,779,18,44,Img_220.jpg,720,1280
Jalousie_Switch,391,765,71,69,Img_220.jpg,720,1280
Light_Switch,409,845,22,47,Img_220.jpg,720,1280
Light_Switch,431,842,20,49,Img_220.jpg,720,1280
Light_Switch,395,833,69,74,Img_220.jpg,720,1280
Up,416,783,11,10,Img_220.jpg,720,1280
Up,433,783,12,11,Img_220.jpg,720,1280
Down,414,812,12,11,Img_220.jpg,720,1280
Down,434,811,11,10,Img_220.jpg,720,1280
On,434,845,14,15,Img_220.jpg,720,1280
On,417,848,12,12,Img_220.jpg,720,1280
Off,417,879,11,10,Img_220.jpg,720,1280
Off,434,877,14,11,Img_220.jpg,720,1280
Knob_Radiator,3,554,81,102,Img_221.jpg,720,1280
Radiator,7,521,478,237,Img_221.jpg,720,1280
Light_Switch,404,721,154,124,Img_222.jpg,720,1280
Light_Switch,412,831,150,110,Img_222.jpg,720,1280
Radiator,3,277,717,399,Img_223.jpg,720,1280
Radiator,5,33,576,365,Img_224.jpg,720,1280
Knob_Radiator,551,424,169,155,Img_225.jpg,720,1280
Radiator,0,387,714,582,Img_225.jpg,720,1280
Knob_Radiator,183,679,155,135,Img_226.jpg,720,1280
Radiator,192,201,527,791,Img_226.jpg,720,1280
Light_Switch,417,675,91,70,Img_227.jpg,720,1280
Light_Switch,418,746,95,71,Img_227.jpg,720,1280
Knob_Radiator,442,859,51,39,Img_228.jpg,720,1280
Radiator,444,837,180,154,Img_228.jpg,720,1280
Knob_Radiator,135,559,83,98,Img_229.jpg,720,1280
Radiator,140,521,475,249,Img_229.jpg,720,1280
Knob_Radiator,407,861,79,65,Img_23.jpg,720,1280
Radiator,75,825,413,455,Img_23.jpg,720,1280
Knob_Radiator,304,285,86,92,Img_230.jpg,720,1280
Radiator,307,250,413,429,Img_230.jpg,720,1280
Knob_Radiator,39,317,69,61,Img_231.jpg,720,1280
Radiator,43,289,355,216,Img_231.jpg,720,1280
Knob_Radiator,230,79,71,52,Img_232.jpg,720,1280
Radiator,232,56,488,303,Img_232.jpg,720,1280
Light_Switch,134,228,167,216,Img_233.jpg,720,1280
Knob_Radiator,45,579,93,101,Img_234.jpg,720,1280
Radiator,51,495,475,297,Img_234.jpg,720,1280
Knob_Radiator,424,843,44,42,Img_235.jpg,720,1280
Radiator,420,826,210,197,Img_235.jpg,720,1280
Light_Switch,289,735,58,62,Img_236.jpg,720,1280
Light_Switch,338,108,197,203,Img_237.jpg,720,1280
Light_Switch,374,149,66,134,Img_237.jpg,720,1280
Light_Switch,437,151,68,132,Img_237.jpg,720,1280
On,400,167,25,23,Img_237.jpg,720,1280
On,454,168,24,24,Img_237.jpg,720,1280
Off,404,245,25,24,Img_237.jpg,720,1280
Off,450,244,25,22,Img_237.jpg,720,1280
Light_Switch,382,736,57,81,Img_238.jpg,720,1280
Knob_Radiator,165,286,78,68,Img_239.jpg,720,1280
Radiator,164,202,272,269,Img_239.jpg,720,1280
Radiator,0,870,390,258,Img_24.jpg,720,1280
Light_Switch,151,214,183,151,Img_24.jpg,720,1280
Light_Switch,197,239,44,95,Img_24.jpg,720,1280
Light_Switch,239,242,54,99,Img_24.jpg,720,1280
Jalousie_Switch,142,64,179,159,Img_24.jpg,720,1280
Jalousie_Switch,170,99,59,103,Img_24.jpg,720,1280
Jalousie_Switch,227,95,52,114,Img_24.jpg,720,1280
On,209,252,20,19,Img_24.jpg,720,1280
On,251,253,23,22,Img_24.jpg,720,1280
Off,217,307,20,22,Img_24.jpg,720,1280
Off,256,310,23,21,Img_24.jpg,720,1280
Down,198,176,24,23,Img_24.jpg,720,1280
Down,241,182,22,18,Img_24.jpg,720,1280
Up,193,110,23,22,Img_24.jpg,720,1280
Up,236,112,23,23,Img_24.jpg,720,1280
Knob_Radiator,349,865,47,42,Img_240.jpg,720,1280
Radiator,352,851,217,192,Img_240.jpg,720,1280
Knob_Radiator,291,539,79,98,Img_241.jpg,720,1280
Radiator,290,516,430,270,Img_241.jpg,720,1280
Radiator,0,746,467,279,Img_242.jpg,720,1280
Jalousie_Switch,240,0,140,135,Img_242.jpg,720,1280
Jalousie_Switch,270,26,43,94,Img_242.jpg,720,1280
Jalousie_Switch,315,25,45,98,Img_242.jpg,720,1280
Light_Switch,251,131,129,123,Img_242.jpg,720,1280
Light_Switch,282,156,37,79,Img_242.jpg,720,1280
Light_Switch,316,152,41,80,Img_242.jpg,720,1280
Up,285,37,17,18,Img_242.jpg,720,1280
Up,320,37,18,15,Img_242.jpg,720,1280
Down,288,98,16,13,Img_242.jpg,720,1280
Down,322,97,21,16,Img_242.jpg,720,1280
On,293,163,15,14,Img_242.jpg,720,1280
On,326,161,20,16,Img_242.jpg,720,1280
Off,295,215,17,16,Img_242.jpg,720,1280
Off,329,214,11,14,Img_242.jpg,720,1280
Radiator,0,384,720,575,Img_243.jpg,720,1280
Knob_Radiator,312,285,77,59,Img_244.jpg,720,1280
Radiator,316,202,260,261,Img_244.jpg,720,1280
Knob_Radiator,152,1026,69,65,Img_245.jpg,720,1280
Radiator,165,1011,323,217,Img_245.jpg,720,1280
Light_Switch,385,737,47,40,Img_245.jpg,720,1280
Jalousie_Switch,385,696,46,40,Img_245.jpg,720,1280
Light_Switch,119,118,220,210,Img_246.jpg,720,1280
Light_Switch,161,161,73,129,Img_246.jpg,720,1280
Light_Switch,226,163,71,125,Img_246.jpg,720,1280
On,182,175,34,26,Img_246.jpg,720,1280
On,238,174,24,28,Img_246.jpg,720,1280
Off,196,248,27,26,Img_246.jpg,720,1280
Off,245,252,35,25,Img_246.jpg,720,1280
Radiator,135,395,585,556,Img_247.jpg,720,1280
Knob_Radiator,429,83,58,56,Img_248.jpg,720,1280
Radiator,429,64,291,303,Img_248.jpg,720,1280
Light_Switch,257,111,190,203,Img_249.jpg,720,1280
Light_Switch,294,161,54,117,Img_249.jpg,720,1280
Light_Switch,351,160,61,124,Img_249.jpg,720,1280
On,313,171,25,25,Img_249.jpg,720,1280
On,368,169,21,26,Img_249.jpg,720,1280
Off,319,246,25,23,Img_249.jpg,720,1280
Off,367,245,26,26,Img_249.jpg,720,1280
Light_Switch,154,119,200,190,Img_25.jpg,720,1280
Light_Switch,200,160,67,122,Img_25.jpg,720,1280
Light_Switch,257,158,66,129,Img_25.jpg,720,1280
On,225,176,21,21,Img_25.jpg,720,1280
On,277,174,27,25,Img_25.jpg,720,1280
Off,236,249,19,26,Img_25.jpg,720,1280
Off,273,251,34,24,Img_25.jpg,720,1280
Knob_Radiator,201,793,31,32,Img_250.jpg,720,1280
Radiator,199,778,413,190,Img_250.jpg,720,1280
Light_Switch,355,109,187,189,Img_251.jpg,720,1280
Light_Switch,394,152,56,119,Img_251.jpg,720,1280
Light_Switch,451,150,57,125,Img_251.jpg,720,1280
On,414,168,25,22,Img_251.jpg,720,1280
On,465,166,27,26,Img_251.jpg,720,1280
Off,411,241,27,25,Img_251.jpg,720,1280
Off,460,240,25,26,Img_251.jpg,720,1280
Knob_Radiator,454,805,65,49,Img_252.jpg,720,1280
Radiator,231,782,284,498,Img_252.jpg,720,1280
Knob_Radiator,321,820,45,30,Img_253.jpg,720,1280
Radiator,311,788,409,311,Img_253.jpg,720,1280
Knob_Radiator,227,351,96,81,Img_254.jpg,720,1280
Radiator,226,347,367,355,Img_254.jpg,720,1280
Knob_Radiator,267,850,47,35,Img_255.jpg,720,1280
Radiator,270,848,194,161,Img_255.jpg,720,1280
Knob_Radiator,123,96,76,56,Img_256.jpg,720,1280
Radiator,108,74,384,321,Img_256.jpg,720,1280
Knob_Radiator,290,87,49,66,Img_257.jpg,720,1280
Radiator,296,73,424,301,Img_257.jpg,720,1280
Light_Switch,258,115,187,191,Img_258.jpg,720,1280
Light_Switch,291,158,64,120,Img_258.jpg,720,1280
Light_Switch,355,157,58,119,Img_258.jpg,720,1280
Off,316,174,24,23,Img_258.jpg,720,1280
Off,324,246,21,24,Img_258.jpg,720,1280
On,370,248,23,21,Img_258.jpg,720,1280
On,365,171,29,23,Img_258.jpg,720,1280
Knob_Radiator,511,235,140,102,Img_259.jpg,720,1280
Radiator,0,202,653,714,Img_259.jpg,720,1280
Knob_Radiator,205,851,54,52,Img_26.jpg,720,1280
Radiator,192,842,528,262,Img_26.jpg,720,1280
Radiator,410,706,103,280,Img_260.jpg,720,1280
Knob_Radiator,279,15,52,53,Img_261.jpg,720,1280
Radiator,277,5,443,342,Img_261.jpg,720,1280
Knob_Radiator,122,296,84,84,Img_262.jpg,720,1280
Radiator,123,195,597,439,Img_262.jpg,720,1280
Knob_Radiator,72,756,93,112,Img_263.jpg,720,1280
Radiator,76,726,588,238,Img_263.jpg,720,1280
Light_Switch,556,111,129,119,Img_263.jpg,720,1280
Light_Switch,586,130,37,85,Img_263.jpg,720,1280
Light_Switch,620,129,44,81,Img_263.jpg,720,1280
Jalousie_Switch,575,1,124,117,Img_263.jpg,720,1280
Jalousie_Switch,602,12,41,83,Img_263.jpg,720,1280
Jalousie_Switch,641,10,47,91,Img_263.jpg,720,1280
Up,622,13,19,24,Img_263.jpg,720,1280
Up,654,13,22,22,Img_263.jpg,720,1280
Down,608,70,24,23,Img_263.jpg,720,1280
Down,645,73,26,19,Img_263.jpg,720,1280
On,603,136,19,18,Img_263.jpg,720,1280
Off,593,187,22,18,Img_263.jpg,720,1280
Off,627,187,23,18,Img_263.jpg,720,1280
On,632,137,23,20,Img_263.jpg,720,1280
Jalousie_Switch,339,789,97,83,Img_264.jpg,720,1280
Jalousie_Switch,363,808,27,54,Img_264.jpg,720,1280
Jalousie_Switch,390,807,26,56,Img_264.jpg,720,1280
Light_Switch,349,867,90,89,Img_264.jpg,720,1280
Light_Switch,364,883,29,58,Img_264.jpg,720,1280
Light_Switch,391,880,28,63,Img_264.jpg,720,1280
Up,372,813,13,11,Img_264.jpg,720,1280
Up,395,812,14,14,Img_264.jpg,720,1280
Down,395,846,14,14,Img_264.jpg,720,1280
Down,372,848,14,11,Img_264.jpg,720,1280
On,374,888,10,13,Img_264.jpg,720,1280
On,398,888,10,11,Img_264.jpg,720,1280
Off,373,924,13,13,Img_264.jpg,720,1280
Off,398,925,12,11,Img_264.jpg,720,1280
Light_Switch,360,120,168,160,Img_265.jpg,720,1280
Knob_Radiator,0,684,79,132,Img_266.jpg,720,1280
Radiator,0,666,543,245,Img_266.jpg,720,1280
Light_Switch,395,78,114,121,Img_266.jpg,720,1280
Light_Switch,421,97,33,75,Img_266.jpg,720,1280
Light_Switch,453,97,31,76,Img_266.jpg,720,1280
Off,430,149,17,19,Img_266.jpg,720,1280
Off,459,152,16,16,Img_266.jpg,720,1280
On,430,105,20,15,Img_266.jpg,720,1280
On,461,107,17,14,Img_266.jpg,720,1280
Jalousie_Switch,401,1,108,84,Img_266.jpg,720,1280
Jalousie_Switch,421,0,37,70,Img_266.jpg,720,1280
Jalousie_Switch,457,0,35,73,Img_266.jpg,720,1280
Down,433,44,18,16,Img_266.jpg,720,1280
Down,464,44,18,18,Img_266.jpg,720,1280
Knob_Radiator,203,507,81,98,Img_267.jpg,720,1280
Radiator,200,502,473,230,Img_267.jpg,720,1280
Light_Switch,589,1,94,85,Img_267.jpg,720,1280
Light_Switch,614,11,26,56,Img_267.jpg,720,1280
Light_Switch,642,10,30,57,Img_267.jpg,720,1280
On,625,14,15,14,Img_267.jpg,720,1280
On,650,13,15,16,Img_267.jpg,720,1280
Off,619,50,14,15,Img_267.jpg,720,1280
Off,642,52,19,15,Img_267.jpg,720,1280
Radiator,0,748,478,280,Img_268.jpg,720,1280
Jalousie_Switch,295,24,49,92,Img_268.jpg,720,1280
Up,307,35,26,20,Img_268.jpg,720,1280
Down,312,94,22,22,Img_268.jpg,720,1280
Off,351,212,20,17,Img_268.jpg,720,1280
Light_Switch,50,120,228,196,Img_269.jpg,720,1280
Light_Switch,111,167,59,116,Img_269.jpg,720,1280
Light_Switch,169,163,54,125,Img_269.jpg,720,1280
On,121,176,29,24,Img_269.jpg,720,1280
On,178,176,21,28,Img_269.jpg,720,1280
Off,141,252,22,23,Img_269.jpg,720,1280
Off,187,252,28,27,Img_269.jpg,720,1280
Light_Switch,290,719,53,73,Img_27.jpg,720,1280
Knob_Radiator,134,834,44,49,Img_270.jpg,720,1280
Radiator,127,812,530,231,Img_270.jpg,720,1280
Light_Switch,85,110,230,212,Img_271.jpg,720,1280
Light_Switch,138,171,63,112,Img_271.jpg,720,1280
Light_Switch,201,165,52,117,Img_271.jpg,720,1280
Off,169,257,26,19,Img_271.jpg,720,1280
Off,215,253,31,25,Img_271.jpg,720,1280
On,156,178,28,28,Img_271.jpg,720,1280
On,210,179,25,28,Img_271.jpg,720,1280
Knob_Radiator,155,825,36,37,Img_272.jpg,720,1280
Radiator,161,801,450,208,Img_272.jpg,720,1280
Light_Switch,531,809,72,63,Img_273.jpg,720,1280
Light_Switch,550,818,21,43,Img_273.jpg,720,1280
Light_Switch,570,817,17,42,Img_273.jpg,720,1280
Jalousie_Switch,534,748,65,63,Img_273.jpg,720,1280
Jalousie_Switch,553,762,18,42,Img_273.jpg,720,1280
Jalousie_Switch,571,761,20,43,Img_273.jpg,720,1280
On,556,821,12,10,Img_273.jpg,720,1280
On,574,820,11,11,Img_273.jpg,720,1280
Off,558,847,10,12,Img_273.jpg,720,1280
Off,574,848,10,9,Img_273.jpg,720,1280
Down,557,791,12,9,Img_273.jpg,720,1280
Down,573,789,15,10,Img_273.jpg,720,1280
Up,574,764,15,10,Img_273.jpg,720,1280
Up,557,764,11,11,Img_273.jpg,720,1280
Jalousie_Switch,254,745,64,63,Img_274.jpg,720,1280
Jalousie_Switch,272,762,18,39,Img_274.jpg,720,1280
Jalousie_Switch,291,761,18,38,Img_274.jpg,720,1280
Light_Switch,257,804,63,69,Img_274.jpg,720,1280
Light_Switch,271,817,20,40,Img_274.jpg,720,1280
Light_Switch,292,816,16,42,Img_274.jpg,720,1280
Down,294,788,10,11,Img_274.jpg,720,1280
Down,278,790,11,10,Img_274.jpg,720,1280
Up,278,764,11,11,Img_274.jpg,720,1280
Up,294,762,10,10,Img_274.jpg,720,1280
On,279,820,10,10,Img_274.jpg,720,1280
On,279,845,10,11,Img_274.jpg,720,1280
Off,295,818,10,12,Img_274.jpg,720,1280
Off,294,843,11,11,Img_274.jpg,720,1280
Knob_Radiator,132,809,137,175,Img_275.jpg,720,1280
Radiator,119,681,601,545,Img_275.jpg,720,1280
Light_Switch,270,793,98,105,Img_276.jpg,720,1280
Light_Switch,288,819,26,56,Img_276.jpg,720,1280
Light_Switch,315,817,28,63,Img_276.jpg,720,1280
On,293,822,16,15,Img_276.jpg,720,1280
Off,296,857,15,17,Img_276.jpg,720,1280
On,318,818,17,22,Img_276.jpg,720,1280
Off,317,859,22,17,Img_276.jpg,720,1280
Light_Switch,399,792,104,108,Img_277.jpg,720,1280
Light_Switch,419,814,27,61,Img_277.jpg,720,1280
Light_Switch,448,814,31,68,Img_277.jpg,720,1280
On,430,819,12,13,Img_277.jpg,720,1280
On,452,822,16,13,Img_277.jpg,720,1280
Off,427,857,16,14,Img_277.jpg,720,1280
Off,453,860,15,13,Img_277.jpg,720,1280
Knob_Radiator,65,512,83,93,Img_278.jpg,720,1280
Radiator,68,483,457,313,Img_278.jpg,720,1280
Light_Switch,425,0,94,96,Img_278.jpg,720,1280
Light_Switch,443,13,26,63,Img_278.jpg,720,1280
Light_Switch,472,14,26,66,Img_278.jpg,720,1280
On,455,21,11,11,Img_278.jpg,720,1280
On,478,21,14,14,Img_278.jpg,720,1280
Off,448,56,20,17,Img_278.jpg,720,1280
Off,476,59,15,15,Img_278.jpg,720,1280
Knob_Radiator,130,98,57,52,Img_279.jpg,720,1280
Radiator,127,73,593,317,Img_279.jpg,720,1280
Light_Switch,372,832,131,140,Img_28.jpg,720,1280
Light_Switch,394,860,35,87,Img_28.jpg,720,1280
Light_Switch,429,866,40,88,Img_28.jpg,720,1280
On,408,872,16,15,Img_28.jpg,720,1280
On,436,875,20,16,Img_28.jpg,720,1280
Off,407,916,17,19,Img_28.jpg,720,1280
Off,436,920,22,20,Img_28.jpg,720,1280
Knob_Radiator,419,608,111,135,Img_280.jpg,720,1280
Radiator,407,563,313,456,Img_280.jpg,720,1280
Knob_Radiator,89,371,89,69,Img_281.jpg,720,1280
Radiator,104,359,372,353,Img_281.jpg,720,1280
Radiator,0,744,436,252,Img_282.jpg,720,1280
Light_Switch,236,131,128,120,Img_282.jpg,720,1280
Light_Switch,260,151,38,76,Img_282.jpg,720,1280
Light_Switch,298,150,37,80,Img_282.jpg,720,1280
Jalousie_Switch,223,1,139,132,Img_282.jpg,720,1280
Jalousie_Switch,252,25,39,87,Img_282.jpg,720,1280
Jalousie_Switch,292,22,41,93,Img_282.jpg,720,1280
Up,260,34,22,17,Img_282.jpg,720,1280
Up,296,35,24,17,Img_282.jpg,720,1280
Down,265,93,22,17,Img_282.jpg,720,1280
Down,299,94,25,17,Img_282.jpg,720,1280
On,272,157,17,21,Img_282.jpg,720,1280
On,302,159,25,17,Img_282.jpg,720,1280
Off,275,210,19,17,Img_282.jpg,720,1280
Off,308,209,18,17,Img_282.jpg,720,1280
Radiator,0,920,437,220,Img_283.jpg,720,1280
Light_Switch,208,228,156,131,Img_283.jpg,720,1280
Light_Switch,236,250,50,90,Img_283.jpg,720,1280
Light_Switch,284,251,43,92,Img_283.jpg,720,1280
Jalousie_Switch,184,69,179,160,Img_283.jpg,720,1280
Jalousie_Switch,224,108,50,100,Img_283.jpg,720,1280
Jalousie_Switch,272,106,57,108,Img_283.jpg,720,1280
Up,238,116,21,21,Img_283.jpg,720,1280
Up,283,118,26,18,Img_283.jpg,720,1280
Down,245,184,22,18,Img_283.jpg,720,1280
Down,285,187,26,18,Img_283.jpg,720,1280
On,254,260,16,19,Img_283.jpg,720,1280
On,293,261,21,17,Img_283.jpg,720,1280
Off,260,319,18,16,Img_283.jpg,720,1280
Off,298,319,20,17,Img_283.jpg,720,1280
Knob_Radiator,126,100,58,50,Img_284.jpg,720,1280
Radiator,130,71,590,319,Img_284.jpg,720,1280
Knob_Radiator,13,1199,93,81,Img_285.jpg,720,1280
Radiator,18,1151,452,129,Img_285.jpg,720,1280
Jalousie_Switch,339,726,57,53,Img_285.jpg,720,1280
Jalousie_Switch,355,739,15,32,Img_285.jpg,720,1280
Jalousie_Switch,372,737,16,35,Img_285.jpg,720,1280
Light_Switch,339,777,60,54,Img_285.jpg,720,1280
Light_Switch,355,787,15,32,Img_285.jpg,720,1280
Light_Switch,372,785,15,35,Img_285.jpg,720,1280
Radiator,0,664,453,263,Img_286.jpg,720,1280
Light_Switch,286,78,109,115,Img_286.jpg,720,1280
Light_Switch,310,103,32,68,Img_286.jpg,720,1280
Light_Switch,341,100,35,76,Img_286.jpg,720,1280
Jalousie_Switch,279,1,114,83,Img_286.jpg,720,1280
Jalousie_Switch,310,0,32,67,Img_286.jpg,720,1280
Jalousie_Switch,344,0,32,66,Img_286.jpg,720,1280
Down,317,47,16,17,Img_286.jpg,720,1280
Down,346,48,23,18,Img_286.jpg,720,1280
On,320,107,21,25,Img_286.jpg,720,1280
On,349,105,19,20,Img_286.jpg,720,1280
Off,320,148,21,20,Img_286.jpg,720,1280
Off,349,151,22,20,Img_286.jpg,720,1280
Light_Switch,135,117,217,194,Img_287.jpg,720,1280
Light_Switch,183,169,62,109,Img_287.jpg,720,1280
Light_Switch,234,155,68,128,Img_287.jpg,720,1280
On,203,177,17,23,Img_287.jpg,720,1280
On,256,174,17,21,Img_287.jpg,720,1280
Off,215,247,20,28,Img_287.jpg,720,1280
Off,261,253,23,19,Img_287.jpg,720,1280
Knob_Radiator,226,853,44,48,Img_288.jpg,720,1280
Radiator,228,833,492,269,Img_288.jpg,720,1280
Knob_Radiator,340,822,56,48,Img_289.jpg,720,1280
Radiator,89,816,305,464,Img_289.jpg,720,1280
Knob_Radiator,273,1046,76,60,Img_29.jpg,720,1280
Radiator,262,948,218,296,Img_29.jpg,720,1280
Light_Switch,353,732,32,35,Img_29.jpg,720,1280
Jalousie_Switch,352,696,34,36,Img_29.jpg,720,1280
Knob_Radiator,26,849,115,151,Img_290.jpg,720,1280
Radiator,18,798,659,288,Img_290.jpg,720,1280
Jalousie_Switch,554,2,156,153,Img_290.jpg,720,1280
Jalousie_Switch,582,40,46,99,Img_290.jpg,720,1280
Jalousie_Switch,634,39,46,99,Img_290.jpg,720,1280
Up,607,47,24,26,Img_290.jpg,720,1280
Up,643,48,25,22,Img_290.jpg,720,1280
Down,635,107,25,24,Img_290.jpg,720,1280
Down,597,114,21,19,Img_290.jpg,720,1280
Light_Switch,534,154,149,122,Img_290.jpg,720,1280
Light_Switch,566,170,44,88,Img_290.jpg,720,1280
Light_Switch,611,171,41,90,Img_290.jpg,720,1280
On,587,181,19,19,Img_290.jpg,720,1280
On,623,181,18,17,Img_290.jpg,720,1280
Off,579,235,21,17,Img_290.jpg,720,1280
Off,615,236,17,14,Img_290.jpg,720,1280
Jalousie_Switch,483,790,95,85,Img_291.jpg,720,1280
Jalousie_Switch,503,808,30,55,Img_291.jpg,720,1280
Jalousie_Switch,532,808,28,59,Img_291.jpg,720,1280
Light_Switch,488,868,92,91,Img_291.jpg,720,1280
Light_Switch,502,884,34,61,Img_291.jpg,720,1280
Light_Switch,535,885,33,62,Img_291.jpg,720,1280
On,513,891,16,13,Img_291.jpg,720,1280
On,540,891,17,13,Img_291.jpg,720,1280
Off,516,925,14,15,Img_291.jpg,720,1280
Off,541,928,13,14,Img_291.jpg,720,1280
Down,512,848,16,14,Img_291.jpg,720,1280
Down,536,847,19,13,Img_291.jpg,720,1280
Up,514,814,14,12,Img_291.jpg,720,1280
Up,537,813,15,12,Img_291.jpg,720,1280
Knob_Radiator,242,875,42,32,Img_292.jpg,720,1280
Radiator,240,862,216,182,Img_292.jpg,720,1280
Knob_Radiator,96,680,162,143,Img_293.jpg,720,1280
Radiator,107,321,612,688,Img_293.jpg,720,1280
Radiator,295,261,425,530,Img_294.jpg,720,1280
Radiator,0,795,584,264,Img_295.jpg,720,1280
Jalousie_Switch,418,11,149,148,Img_295.jpg,720,1280
Jalousie_Switch,443,41,50,103,Img_295.jpg,720,1280
Jalousie_Switch,491,39,51,108,Img_295.jpg,720,1280
Light_Switch,416,151,134,130,Img_295.jpg,720,1280
Light_Switch,438,176,45,88,Img_295.jpg,720,1280
Light_Switch,483,177,43,83,Img_295.jpg,720,1280
On,460,186,19,19,Img_295.jpg,720,1280
On,494,184,20,23,Img_295.jpg,720,1280
Off,456,239,17,19,Img_295.jpg,720,1280
Off,490,240,27,16,Img_295.jpg,720,1280
Down,461,118,20,16,Img_295.jpg,720,1280
Down,500,115,21,18,Img_295.jpg,720,1280
Up,502,53,28,21,Img_295.jpg,720,1280
Up,466,54,21,19,Img_295.jpg,720,1280
Light_Switch,354,133,159,170,Img_296.jpg,720,1280
Knob_Radiator,0,929,94,149,Img_297.jpg,720,1280
Radiator,0,902,677,227,Img_297.jpg,720,1280
Light_Switch,513,211,188,158,Img_297.jpg,720,1280
Light_Switch,568,241,45,95,Img_297.jpg,720,1280
Light_Switch,619,238,42,102,Img_297.jpg,720,1280
Jalousie_Switch,545,50,172,169,Img_297.jpg,720,1280
Jalousie_Switch,584,89,59,118,Img_297.jpg,720,1280
Jalousie_Switch,639,93,65,106,Img_297.jpg,720,1280
Up,608,104,29,25,Img_297.jpg,720,1280
Up,657,103,27,26,Img_297.jpg,720,1280
Down,597,173,31,27,Img_297.jpg,720,1280
Down,645,173,30,24,Img_297.jpg,720,1280
On,589,248,21,19,Img_297.jpg,720,1280
On,631,249,19,22,Img_297.jpg,720,1280
Off,578,302,23,21,Img_297.jpg,720,1280
Off,620,306,18,19,Img_297.jpg,720,1280
nothing,397,348,35,27,Img_298.jpg,720,1280
Light_Switch,320,674,85,69,Img_299.jpg,720,1280
Light_Switch,328,735,83,83,Img_299.jpg,720,1280
Knob_Radiator,206,513,70,87,Img_3.jpg,720,1280
Radiator,208,492,457,243,Img_3.jpg,720,1280
Light_Switch,572,0,108,89,Img_3.jpg,720,1280
Radiator,24,246,696,554,Img_30.jpg,720,1280
Light_Switch,541,794,89,103,Img_300.jpg,720,1280
Light_Switch,557,814,23,61,Img_300.jpg,720,1280
Light_Switch,582,819,24,58,Img_300.jpg,720,1280
On,561,817,14,17,Img_300.jpg,720,1280
On,583,821,16,17,Img_300.jpg,720,1280
Off,561,855,14,15,Img_300.jpg,720,1280
Off,583,859,19,15,Img_300.jpg,720,1280
Knob_Radiator,200,798,35,35,Img_301.jpg,720,1280
Radiator,199,777,395,188,Img_301.jpg,720,1280
Radiator,0,664,477,234,Img_302.jpg,720,1280
Light_Switch,307,81,120,117,Img_302.jpg,720,1280
Light_Switch,329,98,37,78,Img_302.jpg,720,1280
Light_Switch,368,98,41,82,Img_302.jpg,720,1280
On,347,107,16,16,Img_302.jpg,720,1280
On,379,107,17,17,Img_302.jpg,720,1280
Off,347,153,16,16,Img_302.jpg,720,1280
Off,377,152,17,18,Img_302.jpg,720,1280
Jalousie_Switch,312,0,117,85,Img_302.jpg,720,1280
Jalousie_Switch,338,0,32,69,Img_302.jpg,720,1280
Jalousie_Switch,372,0,29,71,Img_302.jpg,720,1280
Down,346,47,18,16,Img_302.jpg,720,1280
Down,376,48,19,15,Img_302.jpg,720,1280
Light_Switch,473,814,106,94,Img_303.jpg,720,1280
Jalousie_Switch,327,786,100,85,Img_304.jpg,720,1280
Light_Switch,340,867,94,87,Img_304.jpg,720,1280
Knob_Radiator,0,1100,81,67,Img_305.jpg,720,1280
Radiator,4,1087,298,193,Img_305.jpg,720,1280
Jalousie_Switch,301,736,61,62,Img_305.jpg,720,1280
Light_Switch,310,794,56,70,Img_305.jpg,720,1280
Knob_Radiator,411,241,126,93,Img_306.jpg,720,1280
Radiator,0,226,539,691,Img_306.jpg,720,1280
Light_Switch,300,817,100,99,Img_307.jpg,720,1280
Knob_Radiator,201,794,33,36,Img_308.jpg,720,1280
Radiator,201,777,404,190,Img_308.jpg,720,1280
Radiator,0,751,425,238,Img_309.jpg,720,1280
Light_Switch,234,126,120,128,Img_309.jpg,720,1280
Light_Switch,263,152,34,77,Img_309.jpg,720,1280
Light_Switch,299,151,39,79,Img_309.jpg,720,1280
On,305,158,14,22,Img_309.jpg,720,1280
Off,306,210,19,15,Img_309.jpg,720,1280
On,273,158,12,17,Img_309.jpg,720,1280
Off,278,210,12,14,Img_309.jpg,720,1280
Jalousie_Switch,226,1,130,126,Img_309.jpg,720,1280
Jalousie_Switch,254,28,39,88,Img_309.jpg,720,1280
Jalousie_Switch,291,26,43,91,Img_309.jpg,720,1280
Up,299,34,15,17,Img_309.jpg,720,1280
Up,262,34,16,14,Img_309.jpg,720,1280
Down,268,95,14,13,Img_309.jpg,720,1280
Down,301,96,16,11,Img_309.jpg,720,1280
Jalousie_Switch,393,748,61,57,Img_31.jpg,720,1280
Jalousie_Switch,411,761,14,38,Img_31.jpg,720,1280
Jalousie_Switch,427,761,17,37,Img_31.jpg,720,1280
Light_Switch,398,807,57,60,Img_31.jpg,720,1280
Light_Switch,411,818,16,39,Img_31.jpg,720,1280
Light_Switch,429,817,15,38,Img_31.jpg,720,1280
Up,415,763,9,9,Img_31.jpg,720,1280
Up,430,761,10,9,Img_31.jpg,720,1280
Down,416,788,9,9,Img_31.jpg,720,1280
Down,429,788,12,8,Img_31.jpg,720,1280
On,415,818,10,10,Img_31.jpg,720,1280
On,432,816,8,11,Img_31.jpg,720,1280
Off,415,844,11,10,Img_31.jpg,720,1280
Off,431,843,9,10,Img_31.jpg,720,1280
Knob_Radiator,394,281,81,84,Img_310.jpg,720,1280
Radiator,397,238,323,396,Img_310.jpg,720,1280
Jalousie_Switch,175,793,88,84,Img_311.jpg,720,1280
Jalousie_Switch,192,814,29,55,Img_311.jpg,720,1280
Jalousie_Switch,222,813,26,54,Img_311.jpg,720,1280
Light_Switch,178,877,88,86,Img_311.jpg,720,1280
Light_Switch,198,893,24,54,Img_311.jpg,720,1280
Light_Switch,225,889,24,54,Img_311.jpg,720,1280
On,205,896,12,13,Img_311.jpg,720,1280
On,228,894,13,11,Img_311.jpg,720,1280
Off,205,932,11,13,Img_311.jpg,720,1280
Off,228,931,16,12,Img_311.jpg,720,1280
Down,202,855,16,11,Img_311.jpg,720,1280
Down,227,852,14,12,Img_311.jpg,720,1280
Up,204,819,11,9,Img_311.jpg,720,1280
Up,227,817,16,9,Img_311.jpg,720,1280
Jalousie_Switch,329,780,89,79,Img_312.jpg,720,1280
Jalousie_Switch,352,798,27,49,Img_312.jpg,720,1280
Jalousie_Switch,377,794,29,56,Img_312.jpg,720,1280
Light_Switch,336,857,85,79,Img_312.jpg,720,1280
Light_Switch,349,868,31,56,Img_312.jpg,720,1280
Light_Switch,379,867,29,57,Img_312.jpg,720,1280
Up,359,800,17,18,Img_312.jpg,720,1280
Up,382,799,13,16,Img_312.jpg,720,1280
Down,360,829,15,17,Img_312.jpg,720,1280
Down,382,834,15,14,Img_312.jpg,720,1280
On,359,872,16,17,Img_312.jpg,720,1280
On,383,871,12,17,Img_312.jpg,720,1280
Off,361,907,14,14,Img_312.jpg,720,1280
Off,382,906,16,15,Img_312.jpg,720,1280
Radiator,401,711,108,261,Img_313.jpg,720,1280
Light_Switch,616,732,44,78,Img_32.jpg,720,1280
Knob_Radiator,177,558,83,86,Img_33.jpg,720,1280
Radiator,183,513,471,246,Img_33.jpg,720,1280
Light_Switch,329,843,117,118,Img_34.jpg,720,1280
Light_Switch,348,864,37,75,Img_34.jpg,720,1280
Light_Switch,386,866,41,81,Img_34.jpg,720,1280
On,362,871,16,20,Img_34.jpg,720,1280
On,392,874,18,16,Img_34.jpg,720,1280
Off,362,919,18,17,Img_34.jpg,720,1280
Off,392,922,20,17,Img_34.jpg,720,1280
Light_Switch,122,120,201,188,Img_35.jpg,720,1280
Light_Switch,165,166,69,116,Img_35.jpg,720,1280
Light_Switch,226,162,52,128,Img_35.jpg,720,1280
On,183,176,25,29,Img_35.jpg,720,1280
On,234,175,31,23,Img_35.jpg,720,1280
Off,197,249,23,22,Img_35.jpg,720,1280
Off,244,247,24,28,Img_35.jpg,720,1280
Radiator,0,750,414,262,Img_36.jpg,720,1280
Light_Switch,176,136,144,119,Img_36.jpg,720,1280
Light_Switch,210,157,39,77,Img_36.jpg,720,1280
Light_Switch,248,155,42,81,Img_36.jpg,720,1280
Jalousie_Switch,165,2,147,137,Img_36.jpg,720,1280
Jalousie_Switch,191,32,50,91,Img_36.jpg,720,1280
Jalousie_Switch,237,27,43,98,Img_36.jpg,720,1280
Up,202,38,27,21,Img_36.jpg,720,1280
Up,240,35,27,22,Img_36.jpg,720,1280
Down,208,97,26,19,Img_36.jpg,720,1280
Down,245,98,23,20,Img_36.jpg,720,1280
On,222,165,17,19,Img_36.jpg,720,1280
On,255,162,22,22,Img_36.jpg,720,1280
Off,223,211,22,20,Img_36.jpg,720,1280
Off,259,213,22,20,Img_36.jpg,720,1280
Radiator,0,915,545,216,Img_37.jpg,720,1280
Jalousie_Switch,354,65,156,156,Img_37.jpg,720,1280
Jalousie_Switch,382,100,51,103,Img_37.jpg,720,1280
Jalousie_Switch,429,96,57,113,Img_37.jpg,720,1280
Up,397,109,29,24,Img_37.jpg,720,1280
Up,442,107,32,31,Img_37.jpg,720,1280
Down,395,177,29,24,Img_37.jpg,720,1280
Down,438,180,33,22,Img_37.jpg,720,1280
Light_Switch,361,212,135,142,Img_37.jpg,720,1280
Light_Switch,381,244,45,91,Img_37.jpg,720,1280
Light_Switch,429,242,47,92,Img_37.jpg,720,1280
On,396,254,23,21,Img_37.jpg,720,1280
On,439,253,23,24,Img_37.jpg,720,1280
Off,397,310,22,21,Img_37.jpg,720,1280
Off,437,312,19,21,Img_37.jpg,720,1280
Light_Switch,332,128,143,166,Img_38.jpg,720,1280
Knob_Radiator,406,815,36,29,Img_39.jpg,720,1280
Radiator,401,803,180,150,Img_39.jpg,720,1280
Radiator,0,757,444,237,Img_4.jpg,720,1280
Light_Switch,258,126,129,123,Img_4.jpg,720,1280
Light_Switch,284,151,41,76,Img_4.jpg,720,1280
Light_Switch,323,150,40,81,Img_4.jpg,720,1280
Jalousie_Switch,244,1,141,132,Img_4.jpg,720,1280
Jalousie_Switch,273,26,43,87,Img_4.jpg,720,1280
Jalousie_Switch,316,23,45,91,Img_4.jpg,720,1280
Up,284,34,20,19,Img_4.jpg,720,1280
Up,322,33,26,18,Img_4.jpg,720,1280
Down,290,88,19,22,Img_4.jpg,720,1280
Down,322,91,27,20,Img_4.jpg,720,1280
On,293,157,17,18,Img_4.jpg,720,1280
On,330,157,18,16,Img_4.jpg,720,1280
Off,298,207,20,18,Img_4.jpg,720,1280
Off,330,206,18,19,Img_4.jpg,720,1280
Knob_Radiator,133,637,124,125,Img_40.jpg,720,1280
Radiator,130,421,589,558,Img_40.jpg,720,1280
Knob_Radiator,326,654,134,141,Img_41.jpg,720,1280
Radiator,332,479,386,545,Img_41.jpg,720,1280
Knob_Radiator,31,1046,69,62,Img_42.jpg,720,1280
Radiator,30,1031,272,249,Img_42.jpg,720,1280
Jalousie_Switch,303,729,48,50,Img_42.jpg,720,1280
Light_Switch,308,774,42,56,Img_42.jpg,720,1280
Light_Switch,153,283,201,197,Img_43.jpg,720,1280
Knob_Radiator,73,689,96,111,Img_44.jpg,720,1280
Radiator,73,666,551,225,Img_44.jpg,720,1280
Light_Switch,517,71,119,117,Img_44.jpg,720,1280
Light_Switch,545,98,36,66,Img_44.jpg,720,1280
Light_Switch,582,94,27,79,Img_44.jpg,720,1280
Jalousie_Switch,531,2,113,78,Img_44.jpg,720,1280
Jalousie_Switch,550,2,40,60,Img_44.jpg,720,1280
Jalousie_Switch,590,2,33,64,Img_44.jpg,720,1280
Down,562,37,21,20,Img_44.jpg,720,1280
Down,593,40,24,19,Img_44.jpg,720,1280
On,555,98,20,20,Img_44.jpg,720,1280
On,585,99,15,22,Img_44.jpg,720,1280
Off,551,144,17,19,Img_44.jpg,720,1280
Off,580,146,23,16,Img_44.jpg,720,1280
Light_Switch,293,749,50,71,Img_45.jpg,720,1280
Radiator,0,666,477,242,Img_46.jpg,720,1280
Light_Switch,311,81,112,110,Img_46.jpg,720,1280
Light_Switch,334,100,39,75,Img_46.jpg,720,1280
Light_Switch,372,97,31,78,Img_46.jpg,720,1280
On,349,107,14,18,Img_46.jpg,720,1280
On,378,107,14,14,Img_46.jpg,720,1280
Off,348,153,16,17,Img_46.jpg,720,1280
Off,377,152,13,17,Img_46.jpg,720,1280
Jalousie_Switch,313,1,113,89,Img_46.jpg,720,1280
Jalousie_Switch,334,0,37,70,Img_46.jpg,720,1280
Jalousie_Switch,370,0,32,72,Img_46.jpg,720,1280
Down,344,46,18,15,Img_46.jpg,720,1280
Down,377,45,17,17,Img_46.jpg,720,1280
Radiator,0,759,377,253,Img_47.jpg,720,1280
Jalousie_Switch,97,6,146,137,Img_47.jpg,720,1280
Jalousie_Switch,124,33,49,91,Img_47.jpg,720,1280
Jalousie_Switch,169,30,45,99,Img_47.jpg,720,1280
Light_Switch,117,128,145,129,Img_47.jpg,720,1280
Light_Switch,145,157,44,80,Img_47.jpg,720,1280
Light_Switch,185,155,44,82,Img_47.jpg,720,1280
On,162,167,16,15,Img_47.jpg,720,1280
On,192,166,21,17,Img_47.jpg,720,1280
Off,162,216,21,18,Img_47.jpg,720,1280
Off,202,214,14,20,Img_47.jpg,720,1280
Down,146,103,22,16,Img_47.jpg,720,1280
Down,184,100,19,18,Img_47.jpg,720,1280
Up,176,39,26,23,Img_47.jpg,720,1280
Up,136,40,24,21,Img_47.jpg,720,1280
Light_Switch,490,807,85,101,Img_48.jpg,720,1280
Knob_Radiator,147,1072,76,71,Img_49.jpg,720,1280
Radiator,136,1056,308,224,Img_49.jpg,720,1280
Light_Switch,444,792,59,71,Img_49.jpg,720,1280
Jalousie_Switch,443,734,64,67,Img_49.jpg,720,1280
Knob_Radiator,235,546,87,98,Img_5.jpg,720,1280
Radiator,231,475,463,279,Img_5.jpg,720,1280
Knob_Radiator,96,556,83,90,Img_50.jpg,720,1280
Radiator,98,522,472,235,Img_50.jpg,720,1280
Knob_Radiator,258,650,129,140,Img_51.jpg,720,1280
Radiator,260,430,457,556,Img_51.jpg,720,1280
Knob_Radiator,266,555,86,86,Img_52.jpg,720,1280
Radiator,266,514,454,237,Img_52.jpg,720,1280
Knob_Radiator,278,867,51,50,Img_53.jpg,720,1280
Radiator,281,854,439,303,Img_53.jpg,720,1280
Knob_Radiator,92,511,74,91,Img_54.jpg,720,1280
Radiator,94,494,462,224,Img_54.jpg,720,1280
Light_Switch,441,1,96,92,Img_54.jpg,720,1280
Radiator,0,670,475,245,Img_55.jpg,720,1280
Light_Switch,317,83,104,109,Img_55.jpg,720,1280
Light_Switch,338,103,32,69,Img_55.jpg,720,1280
Light_Switch,368,95,37,78,Img_55.jpg,720,1280
Jalousie_Switch,315,1,111,83,Img_55.jpg,720,1280
Jalousie_Switch,338,0,34,63,Img_55.jpg,720,1280
Jalousie_Switch,370,0,35,66,Img_55.jpg,720,1280
Down,347,46,17,17,Img_55.jpg,720,1280
Down,374,48,22,18,Img_55.jpg,720,1280
On,344,105,19,19,Img_55.jpg,720,1280
On,377,104,19,20,Img_55.jpg,720,1280
Off,349,152,16,18,Img_55.jpg,720,1280
Off,376,152,21,17,Img_55.jpg,720,1280
Knob_Radiator,527,84,58,48,Img_56.jpg,720,1280
Radiator,520,65,200,330,Img_56.jpg,720,1280
Light_Switch,337,112,199,192,Img_57.jpg,720,1280
Light_Switch,382,158,56,123,Img_57.jpg,720,1280
Light_Switch,435,158,61,125,Img_57.jpg,720,1280
On,400,166,36,39,Img_57.jpg,720,1280
On,446,160,40,34,Img_57.jpg,720,1280
Off,400,241,35,33,Img_57.jpg,720,1280
Off,445,242,40,32,Img_57.jpg,720,1280
Knob_Radiator,349,673,89,112,Img_58.jpg,720,1280
Radiator,354,656,366,249,Img_58.jpg,720,1280
Radiator,462,714,103,255,Img_59.jpg,720,1280
Knob_Radiator,87,98,60,48,Img_6.jpg,720,1280
Radiator,93,45,627,319,Img_6.jpg,720,1280
Knob_Radiator,167,360,79,69,Img_60.jpg,720,1280
Radiator,188,345,354,350,Img_60.jpg,720,1280
Knob_Radiator,317,677,154,134,Img_61.jpg,720,1280
Radiator,328,377,390,620,Img_61.jpg,720,1280
Knob_Radiator,136,99,54,50,Img_62.jpg,720,1280
Radiator,130,73,590,332,Img_62.jpg,720,1280
Light_Switch,82,2,152,137,Img_63.jpg,720,1280
Off,129,88,30,28,Img_63.jpg,720,1280
Off,166,87,24,29,Img_63.jpg,720,1280
On,117,27,32,33,Img_63.jpg,720,1280
On,158,29,20,24,Img_63.jpg,720,1280
Light_Switch,158,27,45,93,Img_63.jpg,720,1280
Light_Switch,123,26,32,97,Img_63.jpg,720,1280
Light_Switch,375,129,145,143,Img_64.jpg,720,1280
Knob_Radiator,564,801,60,53,Img_65.jpg,720,1280
Radiator,334,788,293,480,Img_65.jpg,720,1280
Knob_Radiator,606,428,114,148,Img_66.jpg,720,1280
Radiator,0,373,720,590,Img_66.jpg,720,1280
Knob_Radiator,132,833,42,47,Img_67.jpg,720,1280
Radiator,134,814,511,246,Img_67.jpg,720,1280
Light_Switch,217,116,179,204,Img_68.jpg,720,1280
Light_Switch,251,163,61,124,Img_68.jpg,720,1280
Light_Switch,312,163,64,125,Img_68.jpg,720,1280
On,319,169,43,30,Img_68.jpg,720,1280
On,267,169,41,30,Img_68.jpg,720,1280
Off,277,238,32,41,Img_68.jpg,720,1280
Off,324,239,42,37,Img_68.jpg,720,1280
Knob_Radiator,419,869,52,47,Img_69.jpg,720,1280
Radiator,421,851,299,311,Img_69.jpg,720,1280
Jalousie_Switch,335,741,66,57,Img_7.jpg,720,1280
Light_Switch,348,800,73,62,Img_7.jpg,720,1280
Knob_Radiator,83,647,125,136,Img_70.jpg,720,1280
Radiator,106,534,614,474,Img_70.jpg,720,1280
Knob_Radiator,252,549,68,85,Img_71.jpg,720,1280
Radiator,251,514,469,273,Img_71.jpg,720,1280
Radiator,0,755,475,261,Img_72.jpg,720,1280
Jalousie_Switch,265,2,142,134,Img_72.jpg,720,1280
Jalousie_Switch,294,26,44,93,Img_72.jpg,720,1280
Jalousie_Switch,343,28,34,83,Img_72.jpg,720,1280
Light_Switch,297,151,46,76,Img_72.jpg,720,1280
Up,312,34,17,26,Img_72.jpg,720,1280
Up,345,35,22,20,Img_72.jpg,720,1280
Down,313,97,19,18,Img_72.jpg,720,1280
On,318,161,17,18,Img_72.jpg,720,1280
Off,319,210,20,18,Img_72.jpg,720,1280
Knob_Radiator,277,20,54,43,Img_73.jpg,720,1280
Radiator,273,5,447,344,Img_73.jpg,720,1280
Light_Switch,238,835,116,122,Img_74.jpg,720,1280
Light_Switch,259,860,31,71,Img_74.jpg,720,1280
Light_Switch,291,861,36,74,Img_74.jpg,720,1280
On,268,866,17,16,Img_74.jpg,720,1280
On,298,867,17,17,Img_74.jpg,720,1280
Off,271,911,15,17,Img_74.jpg,720,1280
Off,298,914,15,16,Img_74.jpg,720,1280
Knob_Radiator,99,862,49,44,Img_75.jpg,720,1280
Radiator,94,835,574,262,Img_75.jpg,720,1280
Knob_Radiator,565,536,81,100,Img_76.jpg,720,1280
Knob_Radiator,232,115,61,48,Img_77.jpg,720,1280
Radiator,227,73,493,318,Img_77.jpg,720,1280
Knob_Radiator,165,681,86,115,Img_78.jpg,720,1280
Radiator,166,646,554,253,Img_78.jpg,720,1280
Down,691,35,22,21,Img_78.jpg,720,1280
Light_Switch,643,73,77,105,Img_78.jpg,720,1280
Light_Switch,661,94,39,67,Img_78.jpg,720,1280
Light_Switch,698,88,22,79,Img_78.jpg,720,1280
On,677,98,21,17,Img_78.jpg,720,1280
Off,667,139,20,21,Img_78.jpg,720,1280
Off,700,143,16,17,Img_78.jpg,720,1280
Jalousie_Switch,679,2,41,60,Img_78.jpg,720,1280
Knob_Radiator,523,435,151,138,Img_79.jpg,720,1280
Radiator,0,394,706,571,Img_79.jpg,720,1280
Radiator,0,758,414,259,Img_8.jpg,720,1280
Jalousie_Switch,164,2,139,131,Img_8.jpg,720,1280
Jalousie_Switch,191,30,48,93,Img_8.jpg,720,1280
Jalousie_Switch,234,23,45,96,Img_8.jpg,720,1280
Light_Switch,182,125,131,134,Img_8.jpg,720,1280
Light_Switch,209,156,42,81,Img_8.jpg,720,1280
Light_Switch,244,149,41,84,Img_8.jpg,720,1280
Up,206,39,19,20,Img_8.jpg,720,1280
Up,243,37,19,18,Img_8.jpg,720,1280
Down,213,101,21,16,Img_8.jpg,720,1280
Down,248,100,21,17,Img_8.jpg,720,1280
On,222,164,15,17,Img_8.jpg,720,1280
On,256,164,13,15,Img_8.jpg,720,1280
Off,225,218,21,16,Img_8.jpg,720,1280
Off,259,216,19,15,Img_8.jpg,720,1280
Knob_Radiator,0,791,97,128,Img_80.jpg,720,1280
Radiator,0,748,620,247,Img_80.jpg,720,1280
Light_Switch,476,124,112,116,Img_80.jpg,720,1280
Light_Switch,502,146,29,75,Img_80.jpg,720,1280
Light_Switch,530,140,45,80,Img_80.jpg,720,1280
Jalousie_Switch,482,2,125,125,Img_80.jpg,720,1280
Jalousie_Switch,501,21,48,85,Img_80.jpg,720,1280
Jalousie_Switch,544,15,38,96,Img_80.jpg,720,1280
On,522,26,20,22,Img_80.jpg,720,1280
Up,559,25,17,21,Img_80.jpg,720,1280
Down,512,84,25,21,Img_80.jpg,720,1280
Down,551,85,23,18,Img_80.jpg,720,1280
On,509,152,21,18,Img_80.jpg,720,1280
On,544,148,19,23,Img_80.jpg,720,1280
Off,506,199,21,21,Img_80.jpg,720,1280
Off,539,202,19,17,Img_80.jpg,720,1280
Knob_Radiator,498,284,73,78,Img_81.jpg,720,1280
Radiator,487,250,233,412,Img_81.jpg,720,1280
Knob_Radiator,274,847,35,26,Img_82.jpg,720,1280
Radiator,267,818,167,146,Img_82.jpg,720,1280
Knob_Radiator,281,555,84,83,Img_83.jpg,720,1280
Radiator,295,521,425,242,Img_83.jpg,720,1280
Knob_Radiator,256,304,64,65,Img_84.jpg,720,1280
Radiator,264,268,342,250,Img_84.jpg,720,1280
Knob_Radiator,563,236,121,106,Img_85.jpg,720,1280
Radiator,14,228,674,759,Img_85.jpg,720,1280
Radiator,0,222,720,770,Img_86.jpg,720,1280
Knob_Radiator,97,1063,64,64,Img_87.jpg,720,1280
Radiator,89,988,322,280,Img_87.jpg,720,1280
Jalousie_Switch,284,702,44,40,Img_87.jpg,720,1280
Light_Switch,288,738,42,45,Img_87.jpg,720,1280
Radiator,0,808,429,262,Img_88.jpg,720,1280
Light_Switch,202,168,134,120,Img_88.jpg,720,1280
Light_Switch,232,187,37,86,Img_88.jpg,720,1280
Light_Switch,271,185,44,83,Img_88.jpg,720,1280
On,238,191,23,26,Img_88.jpg,720,1280
On,275,191,29,25,Img_88.jpg,720,1280
Off,245,246,21,19,Img_88.jpg,720,1280
Off,279,245,25,20,Img_88.jpg,720,1280
Jalousie_Switch,184,19,150,148,Img_88.jpg,720,1280
Jalousie_Switch,259,51,43,99,Img_88.jpg,720,1280
Jalousie_Switch,207,49,54,105,Img_88.jpg,720,1280
Up,224,64,23,21,Img_88.jpg,720,1280
Up,265,59,29,26,Img_88.jpg,720,1280
Down,232,124,23,22,Img_88.jpg,720,1280
Down,268,123,27,24,Img_88.jpg,720,1280
Light_Switch,473,756,75,75,Img_89.jpg,720,1280
Knob_Radiator,275,862,39,40,Img_9.jpg,720,1280
Radiator,268,845,452,289,Img_9.jpg,720,1280
Light_Switch,287,171,174,153,Img_90.jpg,720,1280
Radiator,0,719,509,296,Img_91.jpg,720,1280
Light_Switch,324,116,118,112,Img_91.jpg,720,1280
Light_Switch,349,134,41,77,Img_91.jpg,720,1280
Light_Switch,385,128,40,80,Img_91.jpg,720,1280
Jalousie_Switch,325,7,118,108,Img_91.jpg,720,1280
Jalousie_Switch,349,11,39,87,Img_91.jpg,720,1280
Jalousie_Switch,389,12,33,87,Img_91.jpg,720,1280
Up,359,20,21,18,Img_91.jpg,720,1280
Up,396,19,20,15,Img_91.jpg,720,1280
Down,361,76,18,18,Img_91.jpg,720,1280
Down,393,77,20,16,Img_91.jpg,720,1280
On,363,140,15,16,Img_91.jpg,720,1280
On,396,139,11,15,Img_91.jpg,720,1280
Off,364,189,16,17,Img_91.jpg,720,1280
Off,396,189,13,14,Img_91.jpg,720,1280
Knob_Radiator,164,842,40,32,Img_92.jpg,720,1280
Radiator,164,822,536,279,Img_92.jpg,720,1280
Knob_Radiator,160,840,42,36,Img_93.jpg,720,1280
Radiator,158,824,525,289,Img_93.jpg,720,1280
Radiator,1,824,436,304,Img_94.jpg,720,1280
Jalousie_Switch,259,54,163,165,Img_94.jpg,720,1280
Jalousie_Switch,295,94,48,106,Img_94.jpg,720,1280
Jalousie_Switch,342,99,44,106,Img_94.jpg,720,1280
Light_Switch,274,209,149,148,Img_94.jpg,720,1280
Light_Switch,304,236,45,91,Img_94.jpg,720,1280
Light_Switch,343,238,51,93,Img_94.jpg,720,1280
Up,305,106,23,17,Img_94.jpg,720,1280
Up,348,108,26,17,Img_94.jpg,720,1280
Down,308,171,24,22,Img_94.jpg,720,1280
Down,352,174,22,21,Img_94.jpg,720,1280
On,316,245,17,18,Img_94.jpg,720,1280
On,355,249,15,19,Img_94.jpg,720,1280
Off,316,302,24,21,Img_94.jpg,720,1280
Off,353,304,28,22,Img_94.jpg,720,1280
Jalousie_Switch,212,670,77,74,Img_95.jpg,720,1280
Light_Switch,211,744,82,60,Img_95.jpg,720,1280
Radiator,0,750,570,253,Img_96.jpg,720,1280
Jalousie_Switch,408,1,130,123,Img_96.jpg,720,1280
Jalousie_Switch,434,20,43,90,Img_96.jpg,720,1280
Jalousie_Switch,477,18,42,95,Img_96.jpg,720,1280
Up,451,29,21,18,Img_96.jpg,720,1280
Up,488,27,22,19,Img_96.jpg,720,1280
Down,445,84,25,21,Img_96.jpg,720,1280
Down,482,89,24,18,Img_96.jpg,720,1280
Light_Switch,413,126,113,115,Img_96.jpg,720,1280
Light_Switch,431,144,38,83,Img_96.jpg,720,1280
Light_Switch,468,144,41,81,Img_96.jpg,720,1280
On,447,151,17,24,Img_96.jpg,720,1280
On,478,151,23,19,Img_96.jpg,720,1280
Off,444,202,20,22,Img_96.jpg,720,1280
Off,476,203,18,22,Img_96.jpg,720,1280
Light_Switch,328,689,91,78,Img_97.jpg,720,1280
Light_Switch,327,768,92,75,Img_97.jpg,720,1280
Radiator,0,806,355,263,Img_98.jpg,720,1280
Light_Switch,56,169,153,125,Img_98.jpg,720,1280
Light_Switch,90,188,45,86,Img_98.jpg,720,1280
Light_Switch,126,182,47,91,Img_98.jpg,720,1280
Jalousie_Switch,26,28,161,140,Img_98.jpg,720,1280
Jalousie_Switch,62,61,46,89,Img_98.jpg,720,1280
Jalousie_Switch,108,53,45,98,Img_98.jpg,720,1280
Up,70,64,25,28,Img_98.jpg,720,1280
Up,110,66,29,22,Img_98.jpg,720,1280
Down,82,127,25,23,Img_98.jpg,720,1280
Down,120,128,29,25,Img_98.jpg,720,1280
On,98,194,21,27,Img_98.jpg,720,1280
Off,110,251,21,19,Img_98.jpg,720,1280
On,136,195,23,29,Img_98.jpg,720,1280
Off,142,249,25,23,Img_98.jpg,720,1280
Knob_Radiator,234,563,91,86,Img_99.jpg,720,1280
Radiator,239,520,481,252,Img_99.jpg,720,1280