Time,L1,L2,Amb,Obj,Temp,Humid,CO2,Elapsed
2023-09-04 16:42:29,28.76,44.52,1181.59,20759475.0,,,,
2023-09-04 16:42:31,281.67,280.83,25.95,26.85,28.76,44.6,1181.6,20761889.0
2023-09-04 16:42:33,279.17,279.17,25.95,26.91,28.79,44.67,1181.13,20764303.0
2023-09-04 16:42:35,280.83,280.83,25.97,26.85,28.74,44.71,1181.34,20766717.0
2023-09-04 16:42:37,281.67,281.67,25.97,26.81,28.77,44.7,1180.34,20769131.0
2023-09-04 16:42:39,283.33,283.33,25.97,26.87,28.76,44.61,1181.1,20771546.0
2023-09-04 16:42:41,282.5,282.5,25.97,26.81,28.76,44.65,1181.3,20773960.0
2023-09-04 16:42:43,284.17,283.33,25.97,26.91,28.73,44.64,1181.64,20776374.0
2023-09-04 16:42:46,282.5,282.5,25.93,26.85,28.74,44.67,1181.65,20778788.0
2023-09-04 16:42:48,283.33,283.33,25.95,26.83,28.71,44.76,1181.49,20781202.0
2023-09-04 16:42:51,283.33,284.17,25.95,26.83,28.73,44.79,1181.19,20783616.0
2023-09-04 16:42:53,283.33,283.33,25.95,26.85,28.74,44.79,1182.39,20786030.0
2023-09-04 16:42:55,285.0,285.0,25.93,26.85,28.76,44.78,1182.66,20788444.0
2023-09-04 16:42:58,285.0,285.0,25.97,26.77,28.76,44.78,1181.87,20790858.0
2023-09-04 16:43:00,284.17,285.0,25.93,26.91,28.76,44.75,1182.05,20793273.0
2023-09-04 16:43:03,284.17,283.33,25.91,26.79,28.76,44.74,1181.75,20795687.0
2023-09-04 16:43:05,285.0,285.0,25.95,26.85,28.76,44.7,1181.88,20798100.0
2023-09-04 16:43:07,283.33,283.33,25.93,26.77,28.74,44.84,1180.7,20800515.0
2023-09-04 16:43:10,282.5,282.5,25.97,26.83,28.76,44.89,1181.19,20802929.0
2023-09-04 16:43:12,282.5,282.5,25.97,26.83,28.77,44.94,1181.27,20805343.0
2023-09-04 16:43:15,284.17,284.17,25.95,26.87,28.76,44.96,1181.2,20807757.0
2023-09-04 16:43:17,284.17,284.17,25.97,26.75,28.73,44.82,1182.59,20810171.0
2023-09-04 16:43:19,283.33,283.33,25.97,26.85,28.76,44.88,1183.44,20812585.0
2023-09-04 16:43:22,283.33,283.33,25.97,26.81,28.76,44.91,1183.63,20814999.0
2023-09-04 16:43:24,282.5,282.5,25.93,26.85,28.76,44.83,1183.93,20817413.0
2023-09-04 16:43:27,285.83,285.83,25.97,26.85,28.76,44.92,1185.01,20819827.0
2023-09-04 16:43:29,285.83,285.83,25.95,26.93,28.76,45.05,1183.79,20822241.0
2023-09-04 16:43:32,285.83,285.83,25.95,26.85,28.77,44.96,1183.61,20824656.0
2023-09-04 16:43:34,285.83,285.83,25.95,26.89,28.76,44.87,1183.43,20827070.0
2023-09-04 16:43:36,284.17,285.0,25.95,26.87,28.77,44.8,1183.25,20829483.0
2023-09-04 16:43:39,285.0,285.0,25.97,26.91,28.77,44.88,1183.9,20831898.0
2023-09-04 16:43:41,281.67,281.67,25.97,26.81,28.77,45.03,1185.09,20834312.0
2023-09-04 16:43:44,280.83,280.83,25.93,26.77,28.77,45.16,1186.1,20836726.0
2023-09-04 16:43:46,281.67,281.67,25.97,26.81,28.76,45.23,1187.92,20839140.0
2023-09-04 16:43:48,280.83,280.83,25.95,26.87,28.77,45.24,1192.29,20841554.0
2023-09-04 16:43:51,282.5,282.5,25.95,26.85,28.77,45.25,1192.78,20843969.0
2023-09-04 16:43:53,282.5,281.67,25.97,26.85,28.74,45.26,1190.87,20846382.0
2023-09-04 16:43:56,283.33,283.33,25.97,26.95,28.76,45.19,1192.59,20848796.0
2023-09-04 16:43:58,283.33,284.17,25.97,26.97,28.76,45.01,1193.14,20851211.0
2023-09-04 16:44:00,283.33,283.33,25.97,26.91,28.74,45.03,1193.28,20853625.0
2023-09-04 16:44:03,284.17,284.17,25.97,26.87,28.76,45.06,1193.4,20856039.0
2023-09-04 16:44:05,284.17,284.17,25.97,26.89,28.73,45.11,1194.58,20858453.0
2023-09-04 16:44:08,284.17,284.17,25.95,26.81,28.73,44.99,1194.24,20860867.0
2023-09-04 16:44:10,281.67,281.67,25.95,26.89,28.74,44.97,1196.52,20863281.0
2023-09-04 16:44:13,284.17,284.17,25.97,26.83,28.73,45.01,1195.97,20865695.0
2023-09-04 16:44:15,284.17,284.17,25.97,26.89,28.74,45.11,1193.46,20868109.0
2023-09-04 16:44:17,284.17,284.17,25.97,26.89,28.76,45.16,1191.87,20870523.0
2023-09-04 16:44:20,284.17,284.17,25.97,26.85,28.77,45.16,1190.36,20872938.0
2023-09-04 16:44:22,284.17,284.17,25.97,26.83,28.76,45.13,1191.36,20875352.0
2023-09-04 16:44:25,285.0,284.17,25.97,26.87,28.77,45.1,1191.5,20877766.0
2023-09-04 16:44:27,281.67,282.5,25.97,26.91,28.74,45.1,1191.14,20880180.0
2023-09-04 16:44:29,282.5,282.5,26.03,26.85,28.76,45.16,1191.2,20882594.0
2023-09-04 16:44:32,281.67,281.67,25.95,26.83,28.73,45.12,1191.01,20885008.0
2023-09-04 16:44:34,282.5,282.5,25.99,26.81,28.76,45.24,1191.65,20887422.0
2023-09-04 16:44:37,282.5,282.5,25.95,26.89,28.77,45.29,1192.6,20889836.0
2023-09-04 16:44:39,281.67,281.67,25.99,26.83,28.79,45.33,1191.35,20892251.0
2023-09-04 16:44:41,281.67,281.67,25.99,26.87,28.79,45.31,1190.43,20894665.0
2023-09-04 16:44:44,281.67,281.67,26.03,26.83,28.76,45.25,1190.98,20897079.0
2023-09-04 16:44:46,281.67,281.67,25.99,26.81,28.77,45.19,1191.57,20899493.0
2023-09-04 16:44:49,281.67,281.67,25.97,26.89,28.77,45.16,1190.12,20901907.0
2023-09-04 16:44:51,281.67,281.67,25.99,26.85,28.81,45.23,1188.33,20904321.0
2023-09-04 16:44:54,281.67,281.67,26.01,26.89,28.77,45.31,1188.0,20906736.0
2023-09-04 16:44:56,284.17,284.17,25.99,26.81,28.77,45.33,1188.29,20909149.0
2023-09-04 16:44:58,283.33,284.17,25.99,26.89,28.77,45.29,1188.86,20911563.0
2023-09-04 16:45:01,283.33,283.33,25.99,26.83,28.76,45.33,1190.52,20913978.0
2023-09-04 16:45:03,283.33,283.33,25.99,26.85,28.77,45.23,1190.21,20916392.0
2023-09-04 16:45:06,283.33,283.33,26.01,26.89,28.77,45.14,1189.17,20918806.0
2023-09-04 16:45:08,283.33,283.33,25.99,26.85,28.77,45.07,1189.76,20921220.0
2023-09-04 16:45:10,283.33,283.33,25.99,26.85,28.77,45.19,1191.09,20923634.0
2023-09-04 16:45:13,282.5,282.5,25.99,26.85,28.76,45.24,1190.12,20926049.0
2023-09-04 16:45:15,283.33,283.33,25.97,26.85,28.76,45.24,1190.55,20928462.0
2023-09-04 16:45:18,283.33,282.5,26.01,26.91,28.73,45.26,1189.06,20930876.0
2023-09-04 16:45:20,283.33,283.33,25.99,26.95,28.77,45.37,1186.38,20933291.0
2023-09-04 16:45:23,282.5,282.5,26.01,26.87,28.74,45.48,1185.09,20935705.0
2023-09-04 16:45:25,282.5,282.5,25.97,26.89,28.76,45.5,1184.54,20938119.0
2023-09-04 16:45:27,283.33,282.5,25.97,26.87,28.79,45.47,1183.94,20940533.0
2023-09-04 16:45:30,283.33,283.33,25.99,26.83,28.74,45.4,1182.27,20942947.0
2023-09-04 16:45:32,283.33,283.33,25.97,26.79,28.77,45.34,1180.48,20945361.0
2023-09-04 16:45:35,283.33,283.33,25.99,26.91,28.76,45.3,1180.01,20947776.0
2023-09-04 16:45:37,283.33,283.33,25.97,26.85,28.76,45.25,1180.4,20950190.0
2023-09-04 16:45:39,283.33,283.33,25.99,26.87,28.76,45.23,1180.42,20952604.0
2023-09-04 16:45:42,283.33,283.33,26.01,26.95,28.77,45.14,1179.72,20955018.0
2023-09-04 16:45:44,282.5,282.5,25.99,26.85,28.76,45.06,1180.18,20957433.0
2023-09-04 16:45:47,282.5,283.33,25.97,26.83,28.77,45.05,1181.43,20959847.0
2023-09-04 16:45:49,282.5,282.5,25.97,26.91,28.76,45.01,1180.78,20962261.0
2023-09-04 16:45:51,283.33,283.33,25.99,26.87,28.76,45.07,1182.46,20964675.0
2023-09-04 16:45:54,282.5,282.5,25.97,26.91,28.71,45.14,1181.2,20967090.0
2023-09-04 16:45:56,283.33,283.33,25.97,26.93,28.74,45.21,1180.71,20969503.0
2023-09-04 16:45:59,282.5,282.5,26.01,26.95,28.76,45.23,1179.82,20971917.0
2023-09-04 16:46:01,283.33,283.33,25.99,26.81,28.76,45.24,1178.58,20974331.0
2023-09-04 16:46:04,283.33,283.33,25.97,26.87,28.76,45.28,1177.31,20976745.0
2023-09-04 16:46:06,283.33,283.33,25.97,26.93,28.74,45.23,1176.25,20979160.0
2023-09-04 16:46:08,283.33,283.33,25.99,26.83,28.74,45.2,1177.99,20981574.0
2023-09-04 16:46:11,280.83,280.83,26.01,26.87,28.74,45.26,1178.12,20983987.0
2023-09-04 16:46:13,280.83,280.83,25.99,26.93,28.74,45.29,1177.88,20986402.0
2023-09-04 16:46:16,280.83,280.83,25.99,26.83,28.74,45.26,1179.02,20988816.0
2023-09-04 16:46:18,281.67,281.67,26.01,26.95,28.73,45.35,1178.38,20991230.0
2023-09-04 16:46:20,280.83,281.67,25.99,26.97,28.77,45.28,1178.45,20993644.0
2023-09-04 16:46:23,281.67,281.67,25.99,26.91,28.76,45.27,1177.45,20996059.0
2023-09-04 16:46:25,281.67,281.67,25.97,26.81,28.77,45.21,1177.12,20998473.0
2023-09-04 16:46:28,280.83,280.83,26.01,26.89,28.76,45.18,1176.61,21000887.0
2023-09-04 16:46:30,281.67,281.67,25.99,26.87,28.77,45.06,1176.45,21003301.0
2023-09-04 16:46:32,279.17,279.17,25.95,26.89,28.76,44.85,1175.12,21005715.0
2023-09-04 16:46:35,279.17,278.33,26.01,26.91,28.79,44.9,1174.88,21008129.0
2023-09-04 16:46:37,278.33,278.33,26.01,26.91,28.79,44.87,1174.66,21010543.0
2023-09-04 16:46:40,278.33,278.33,26.01,26.83,28.77,44.89,1175.04,21012957.0
2023-09-04 16:46:42,278.33,278.33,26.01,26.89,28.77,44.96,1176.15,21015371.0
2023-09-04 16:46:45,278.33,278.33,25.97,26.91,28.79,45.07,1175.65,21017785.0
2023-09-04 16:46:47,279.17,280.0,26.03,26.83,28.8,45.08,1175.11,21020200.0
2023-09-04 16:46:49,278.33,278.33,26.03,26.95,28.76,45.02,1174.5,21022614.0
2023-09-04 16:46:52,279.17,279.17,26.03,26.85,28.77,45.01,1175.29,21025027.0
2023-09-04 16:46:54,279.17,279.17,26.03,26.89,28.76,44.89,1175.94,21027442.0
2023-09-04 16:46:57,278.33,278.33,25.99,26.81,28.79,44.82,1175.62,21029856.0
2023-09-04 16:46:59,278.33,278.33,26.03,26.87,28.79,44.75,1176.29,21032270.0
2023-09-04 16:47:01,278.33,278.33,26.03,26.85,28.77,44.74,1176.63,21034684.0
2023-09-04 16:47:04,278.33,278.33,26.03,26.83,28.81,44.82,1175.62,21037098.0
2023-09-04 16:47:06,278.33,278.33,26.05,26.85,28.79,44.86,1175.3,21039513.0
2023-09-04 16:47:09,278.33,278.33,26.03,26.81,28.79,44.86,1175.11,21041926.0
2023-09-04 16:47:11,278.33,278.33,26.03,26.87,28.79,44.81,1175.07,21044340.0
2023-09-04 16:47:14,278.33,278.33,26.03,26.91,28.77,44.75,1176.43,21046755.0
2023-09-04 16:47:16,278.33,278.33,26.03,26.85,28.81,44.73,1176.4,21049169.0
2023-09-04 16:47:18,278.33,278.33,26.03,26.91,28.79,44.67,1176.82,21051583.0
2023-09-04 16:47:21,278.33,278.33,26.05,26.87,28.8,44.59,1176.45,21053997.0
2023-09-04 16:47:23,278.33,278.33,26.05,26.91,28.76,44.56,1176.2,21056410.0
2023-09-04 16:47:26,278.33,278.33,26.05,26.93,28.76,44.57,1175.78,21058825.0
2023-09-04 16:47:28,278.33,278.33,26.07,26.87,28.77,44.61,1176.08,21061239.0
2023-09-04 16:47:30,278.33,278.33,26.05,26.81,28.76,44.62,1176.29,21063653.0
2023-09-04 16:47:33,278.33,278.33,26.05,26.85,28.77,44.66,1175.73,21066067.0
2023-09-04 16:47:35,278.33,278.33,26.07,26.77,28.76,44.69,1175.84,21068481.0
2023-09-04 16:47:38,278.33,278.33,26.05,26.79,28.77,44.68,1174.87,21070896.0
2023-09-04 16:47:40,278.33,277.5,26.07,26.91,28.77,44.62,1174.37,21073310.0
2023-09-04 16:47:42,278.33,278.33,26.03,26.83,28.76,44.57,1173.84,21075723.0
2023-09-04 16:47:45,278.33,278.33,26.03,26.87,28.77,44.56,1173.85,21078138.0
2023-09-04 16:47:47,278.33,278.33,26.03,26.95,28.76,44.56,1173.7,21080552.0
2023-09-04 16:47:50,278.33,278.33,26.03,26.87,28.77,44.56,1174.24,21082966.0
2023-09-04 16:47:52,278.33,278.33,26.05,26.87,28.79,44.51,1174.49,21085380.0
2023-09-04 16:47:55,278.33,278.33,26.07,26.89,28.74,44.63,1173.22,21087794.0
2023-09-04 16:47:57,277.5,277.5,26.03,26.89,28.73,44.64,1173.68,21090208.0
2023-09-04 16:47:59,280.83,280.83,26.03,26.91,28.73,44.66,1172.82,21092623.0
2023-09-04 16:48:02,281.67,281.67,26.05,26.83,28.71,44.6,1172.11,21095036.0
2023-09-04 16:48:04,281.67,281.67,26.03,26.83,28.73,44.66,1172.55,21097450.0
2023-09-04 16:48:07,281.67,281.67,26.05,26.83,28.73,44.7,1171.99,21099865.0
2023-09-04 16:48:09,281.67,281.67,26.05,26.85,28.73,44.72,1171.87,21102279.0
2023-09-04 16:48:11,282.5,282.5,26.07,26.85,28.76,44.67,1172.03,21104693.0
2023-09-04 16:48:14,280.0,280.0,26.07,26.87,28.74,44.57,1171.04,21107107.0
2023-09-04 16:48:16,280.0,280.0,26.05,26.83,28.71,44.51,1170.81,21109521.0
2023-09-04 16:48:19,281.67,281.67,26.07,26.83,28.74,44.52,1171.13,21111935.0
2023-09-04 16:48:21,281.67,281.67,26.07,26.93,28.74,44.51,1171.17,21114349.0
2023-09-04 16:48:23,281.67,281.67,26.07,26.83,28.73,44.48,1170.43,21116763.0
2023-09-04 16:48:26,281.67,281.67,26.05,26.85,28.74,44.49,1170.54,21119177.0
2023-09-04 16:48:28,282.5,282.5,26.07,26.91,28.74,44.57,1170.54,21121592.0
2023-09-04 16:48:31,282.5,282.5,26.07,26.85,28.74,44.65,1170.7,21124006.0
2023-09-04 16:48:33,282.5,282.5,26.07,26.87,28.74,44.72,1169.99,21126419.0
2023-09-04 16:48:36,282.5,282.5,26.09,26.93,28.73,44.67,1169.66,21128833.0
2023-09-04 16:48:38,282.5,282.5,26.05,26.81,28.74,44.6,1169.27,21131248.0
2023-09-04 16:48:40,282.5,282.5,26.09,26.83,28.73,44.53,1169.26,21133662.0
2023-09-04 16:48:43,282.5,282.5,26.07,26.81,28.74,44.47,1169.06,21136076.0
2023-09-04 16:48:45,283.33,283.33,26.05,26.81,28.74,44.45,1168.95,21138490.0
2023-09-04 16:48:48,283.33,282.5,26.07,26.87,28.73,44.43,1167.17,21140904.0
2023-09-04 16:48:50,283.33,282.5,26.09,26.89,28.76,44.43,1166.54,21143318.0
2023-09-04 16:48:52,282.5,282.5,26.03,26.85,28.76,44.43,1165.85,21145732.0
2023-09-04 16:48:55,283.33,283.33,26.05,26.83,28.74,44.4,1165.93,21148146.0
2023-09-04 16:48:57,282.5,282.5,26.05,26.77,28.73,44.4,1166.72,21150560.0
2023-09-04 16:49:00,282.5,282.5,26.07,26.85,28.73,44.41,1166.85,21152975.0
2023-09-04 16:49:02,283.33,282.5,26.03,26.83,28.73,44.41,1166.97,21155389.0
2023-09-04 16:49:04,282.5,282.5,26.07,26.85,28.76,44.36,1167.53,21157802.0
2023-09-04 16:49:07,282.5,283.33,26.07,26.81,28.73,44.35,1167.75,21160217.0
2023-09-04 16:49:09,285.83,285.0,26.07,26.81,28.71,44.37,1167.8,21162631.0
2023-09-04 16:49:12,285.0,285.83,26.05,26.87,28.73,44.38,1167.02,21165045.0
2023-09-04 16:49:14,284.17,284.17,26.07,26.85,28.73,44.34,1167.32,21167459.0
2023-09-04 16:49:17,284.17,284.17,26.07,26.91,28.73,44.34,1166.97,21169873.0
2023-09-04 16:49:19,284.17,284.17,26.07,26.85,28.74,44.44,1167.07,21172287.0
2023-09-04 16:49:21,285.0,285.0,26.05,26.85,28.71,44.41,1166.57,21174701.0
2023-09-04 16:49:24,284.17,284.17,26.07,26.89,28.71,44.44,1166.22,21177115.0
2023-09-04 16:49:26,284.17,284.17,26.09,26.97,28.73,44.45,1166.43,21179529.0
2023-09-04 16:49:29,285.0,285.0,26.07,26.81,28.71,44.39,1166.74,21181943.0
2023-09-04 16:49:31,285.0,285.0,26.03,26.85,28.7,44.4,1167.28,21184358.0
2023-09-04 16:49:33,285.0,285.0,26.05,26.85,28.73,44.39,1167.57,21186771.0
2023-09-04 16:49:36,285.0,285.0,26.07,26.95,28.71,44.41,1167.74,21189185.0
2023-09-04 16:49:38,285.0,285.0,26.05,26.83,28.71,44.41,1168.03,21191600.0
2023-09-04 16:49:41,284.17,285.0,26.03,26.85,28.71,44.44,1168.03,21194014.0
2023-09-04 16:49:43,283.33,283.33,26.03,26.97,28.73,44.43,1168.26,21196428.0
2023-09-04 16:49:46,283.33,283.33,26.09,26.87,28.73,44.44,1167.97,21198842.0
2023-09-04 16:49:48,283.33,283.33,26.05,26.85,28.73,44.45,1168.41,21201256.0
2023-09-04 16:49:50,282.5,282.5,26.07,26.85,28.74,44.43,1167.97,21203671.0
2023-09-04 16:49:53,283.33,283.33,26.03,26.85,28.71,44.3,1167.31,21206084.0
2023-09-04 16:49:55,284.17,284.17,26.05,26.91,28.7,44.24,1166.72,21208498.0
2023-09-04 16:49:58,284.17,284.17,26.07,26.85,28.77,44.2,1167.99,21210912.0
2023-09-04 16:50:00,284.17,284.17,26.03,26.83,28.71,44.25,1168.56,21213326.0
2023-09-04 16:50:02,283.33,284.17,26.05,26.87,28.74,44.26,1168.66,21215741.0
2023-09-04 16:50:05,284.17,284.17,26.05,26.87,28.73,44.27,1168.92,21218155.0
2023-09-04 16:50:07,284.17,284.17,26.05,26.87,28.73,44.25,1168.78,21220568.0
2023-09-04 16:50:10,283.33,283.33,26.05,26.85,28.71,44.26,1168.49,21222983.0
2023-09-04 16:50:12,288.33,288.33,26.03,26.87,28.77,44.29,1168.66,21225397.0
2023-09-04 16:50:14,288.33,288.33,26.07,26.91,28.73,44.27,1168.94,21227811.0
2023-09-04 16:50:17,288.33,288.33,26.03,26.93,28.71,44.22,1169.42,21230225.0
2023-09-04 16:50:19,288.33,288.33,26.03,26.85,28.71,44.22,1168.1,21232639.0
2023-09-04 16:50:22,288.33,288.33,26.03,26.95,28.74,44.24,1168.42,21235054.0
2023-09-04 16:50:24,288.33,288.33,26.03,26.89,28.7,44.22,1167.71,21237467.0
2023-09-04 16:50:27,285.83,285.83,26.03,26.85,28.73,44.21,1167.88,21239881.0
2023-09-04 16:50:29,285.83,285.83,26.03,26.83,28.73,44.26,1167.81,21242296.0
2023-09-04 16:50:31,285.83,285.83,26.05,26.87,28.71,44.25,1167.81,21244710.0
2023-09-04 16:50:34,285.83,285.0,26.03,26.85,28.74,44.3,1168.02,21247124.0
2023-09-04 16:50:36,285.0,285.0,26.03,26.85,28.7,44.26,1167.32,21249538.0
2023-09-04 16:50:39,285.0,285.0,26.03,26.87,28.71,44.28,1167.5,21251952.0
2023-09-04 16:50:41,285.0,285.0,26.05,26.81,28.71,44.25,1168.65,21254366.0
2023-09-04 16:50:43,285.0,285.0,26.03,26.81,28.73,44.26,1168.83,21256780.0
2023-09-04 16:50:46,285.0,285.0,26.05,26.83,28.71,44.25,1168.77,21259194.0
2023-09-04 16:50:48,284.17,284.17,26.03,26.83,28.74,44.21,1169.13,21261608.0
2023-09-04 16:50:51,286.67,286.67,26.03,26.91,28.74,44.21,1168.56,21264022.0
2023-09-04 16:50:53,285.83,285.83,26.03,26.85,28.71,44.18,1167.72,21266437.0
2023-09-04 16:50:55,285.83,285.83,26.03,26.87,28.73,44.2,1167.7,21268850.0
2023-09-04 16:50:58,285.83,285.83,26.03,26.87,28.74,44.2,1167.39,21271264.0
2023-09-04 16:51:00,285.83,285.83,26.05,26.83,28.74,44.24,1166.84,21273679.0
2023-09-04 16:51:03,285.0,285.83,26.03,26.83,28.73,44.25,1167.34,21276093.0
2023-09-04 16:51:05,285.83,285.83,26.03,26.91,28.73,44.25,1167.63,21278507.0
2023-09-04 16:51:08,285.83,285.83,26.05,26.89,28.73,44.21,1167.38,21280921.0
2023-09-04 16:51:10,285.83,285.83,26.03,27.03,28.74,44.22,1167.75,21283335.0
2023-09-04 16:51:12,285.83,285.83,26.03,26.99,28.71,44.23,1167.97,21285749.0
2023-09-04 16:51:15,285.0,285.0,26.03,26.95,28.71,44.2,1167.39,21288163.0
2023-09-04 16:51:17,285.0,285.0,26.03,26.95,28.71,44.2,1167.37,21290577.0
2023-09-04 16:51:20,285.83,285.83,26.03,26.87,28.76,44.13,1167.54,21292991.0
2023-09-04 16:51:22,285.83,285.83,26.01,26.91,28.7,44.09,1167.72,21295405.0
2023-09-04 16:51:24,285.83,285.83,26.03,26.91,28.71,44.08,1167.33,21297820.0
2023-09-04 16:51:27,285.83,285.0,26.03,26.87,28.73,44.08,1167.6,21300234.0
2023-09-04 16:51:29,285.83,285.83,25.99,26.85,28.71,44.07,1167.26,21302647.0
2023-09-04 16:51:32,285.0,285.0,25.99,26.85,28.71,44.2,1166.87,21305062.0
2023-09-04 16:51:34,285.0,285.0,26.01,26.95,28.73,44.22,1166.38,21307476.0
2023-09-04 16:51:36,285.0,285.0,26.03,26.85,28.73,44.3,1166.56,21309890.0
2023-09-04 16:51:39,285.0,285.0,25.99,26.87,28.73,44.29,1166.17,21312304.0
2023-09-04 16:51:41,285.0,285.0,26.01,26.93,28.7,44.29,1166.28,21314718.0
2023-09-04 16:51:44,282.5,283.33,25.99,26.87,28.71,44.23,1166.55,21317133.0
2023-09-04 16:51:46,284.17,284.17,25.99,26.91,28.7,44.27,1166.7,21319546.0
2023-09-04 16:51:49,284.17,284.17,25.99,26.83,28.69,44.29,1165.92,21321960.0
2023-09-04 16:51:51,283.33,283.33,25.99,26.97,28.71,44.26,1165.93,21324374.0
2023-09-04 16:51:53,285.0,285.0,25.99,26.97,28.71,44.27,1165.16,21326789.0
2023-09-04 16:51:56,284.17,284.17,25.99,26.95,28.71,44.28,1165.03,21329203.0
2023-09-04 16:51:58,284.17,284.17,25.99,26.95,28.71,44.31,1164.65,21331617.0
2023-09-04 16:52:01,285.0,285.0,25.99,26.87,28.7,44.27,1164.48,21334031.0
2023-09-04 16:52:03,284.17,284.17,25.99,26.89,28.71,44.27,1164.04,21336445.0
2023-09-04 16:52:05,285.0,285.0,25.97,26.93,28.71,44.25,1164.0,21338859.0
2023-09-04 16:52:08,284.17,284.17,25.99,26.87,28.74,44.26,1163.84,21341273.0
2023-09-04 16:52:10,285.0,285.0,25.99,26.91,28.7,44.18,1163.37,21343687.0
2023-09-04 16:52:13,285.0,285.0,26.03,27.01,28.71,44.2,1163.62,21346101.0
2023-09-04 16:52:15,285.0,285.0,25.99,26.93,28.73,44.22,1164.57,21348516.0
2023-09-04 16:52:17,284.17,284.17,25.99,26.91,28.71,44.15,1164.92,21350930.0
2023-09-04 16:52:20,284.17,285.0,25.99,26.95,28.74,44.12,1165.3,21353343.0
2023-09-04 16:52:22,284.17,285.0,26.03,26.85,28.74,44.11,1165.32,21355758.0
2023-09-04 16:52:25,282.5,284.17,25.99,26.81,28.7,44.1,1166.0,21358172.0
2023-09-04 16:52:27,283.33,283.33,25.99,26.99,28.73,44.1,1166.42,21360586.0
2023-09-04 16:52:30,283.33,283.33,26.01,26.95,28.74,44.07,1166.76,21363000.0
2023-09-04 16:52:32,283.33,283.33,25.99,26.89,28.73,44.07,1166.63,21365414.0
2023-09-04 16:52:34,283.33,283.33,26.03,26.87,28.74,44.12,1166.55,21367828.0
2023-09-04 16:52:37,282.5,282.5,26.01,26.87,28.71,44.14,1167.03,21370242.0
2023-09-04 16:52:39,282.5,282.5,26.03,26.85,28.71,44.12,1166.37,21372657.0
2023-09-04 16:52:42,282.5,282.5,26.01,26.93,28.7,44.08,1166.45,21375071.0
2023-09-04 16:52:44,282.5,282.5,26.03,26.85,28.71,44.09,1166.55,21377485.0
2023-09-04 16:52:46,282.5,282.5,26.03,26.85,28.71,44.14,1167.4,21379899.0
2023-09-04 16:52:49,282.5,282.5,25.99,26.89,28.71,44.12,1167.67,21382313.0
2023-09-04 16:52:51,282.5,282.5,26.03,26.91,28.7,44.1,1168.46,21384727.0
2023-09-04 16:52:54,282.5,282.5,26.03,26.91,28.74,44.08,1168.6,21387141.0
2023-09-04 16:52:56,281.67,281.67,26.03,26.89,28.7,44.08,1168.31,21389556.0
2023-09-04 16:52:59,281.67,281.67,26.01,26.81,28.71,44.08,1168.53,21391970.0
2023-09-04 16:53:01,281.67,281.67,26.03,26.83,28.71,44.1,1168.79,21394383.0
2023-09-04 16:53:03,281.67,281.67,26.03,26.87,28.71,44.08,1168.44,21396798.0
2023-09-04 16:53:06,281.67,281.67,26.03,26.83,28.7,44.09,1169.1,21399212.0
2023-09-04 16:53:08,281.67,281.67,26.03,26.85,28.73,44.09,1169.59,21401626.0
2023-09-04 16:53:11,281.67,281.67,26.03,26.85,28.7,44.08,1168.98,21404040.0
2023-09-04 16:53:13,281.67,281.67,26.03,26.91,28.74,44.02,1169.55,21406454.0
2023-09-04 16:53:15,281.67,281.67,26.03,26.95,28.73,44.04,1169.74,21408868.0
2023-09-04 16:53:18,281.67,281.67,26.03,26.93,28.73,44.04,1169.07,21411282.0
2023-09-04 16:53:20,281.67,281.67,25.99,26.85,28.71,44.04,1168.92,21413696.0
2023-09-04 16:53:23,281.67,281.67,26.01,26.89,28.73,44.03,1168.47,21416110.0
2023-09-04 16:53:25,281.67,281.67,26.03,26.93,28.7,44.08,1168.05,21418524.0
2023-09-04 16:53:27,281.67,281.67,26.03,26.89,28.69,44.06,1168.35,21420939.0
2023-09-04 16:53:30,281.67,281.67,26.03,26.93,28.71,44.09,1169.22,21423353.0
2023-09-04 16:53:32,281.67,281.67,26.03,26.91,28.71,44.09,1169.43,21425767.0
2023-09-04 16:53:35,281.67,281.67,26.03,26.87,28.7,44.02,1169.15,21428181.0
2023-09-04 16:53:37,280.83,280.83,26.03,26.97,28.69,44.06,1168.81,21430595.0
2023-09-04 16:53:40,281.67,281.67,26.03,26.91,28.7,44.05,1168.15,21433009.0
2023-09-04 16:53:42,280.83,281.67,26.03,26.85,28.69,44.1,1168.08,21435423.0
2023-09-04 16:53:44,281.67,281.67,26.03,26.95,28.69,44.08,1167.17,21437837.0
2023-09-04 16:53:47,280.83,281.67,26.03,26.79,28.7,44.09,1168.24,21440251.0
2023-09-04 16:53:49,281.67,280.83,26.01,26.91,28.71,44.13,1168.26,21442665.0
2023-09-04 16:53:52,281.67,281.67,26.03,26.81,28.69,44.15,1168.39,21445079.0
2023-09-04 16:53:54,281.67,281.67,26.03,26.87,28.69,44.13,1167.96,21447493.0
2023-09-04 16:53:56,281.67,281.67,26.03,26.97,28.69,44.13,1169.14,21449908.0
2023-09-04 16:53:59,281.67,281.67,26.03,26.93,28.7,44.1,1168.99,21452322.0
2023-09-04 16:54:01,281.67,281.67,25.99,26.85,28.7,44.12,1168.8,21454736.0
2023-09-04 16:54:04,281.67,281.67,26.03,26.87,28.71,44.12,1169.1,21457150.0
2023-09-04 16:54:06,281.67,281.67,26.03,26.87,28.7,44.22,1170.16,21459564.0
2023-09-04 16:54:08,281.67,281.67,26.03,26.87,28.69,44.17,1170.31,21461978.0
2023-09-04 16:54:11,281.67,281.67,26.03,26.89,28.69,44.11,1170.0,21464392.0
2023-09-04 16:54:13,281.67,281.67,26.03,26.97,28.69,44.11,1170.14,21466806.0
2023-09-04 16:54:16,280.83,280.83,26.03,26.93,28.69,44.04,1169.29,21469220.0
2023-09-04 16:54:18,280.83,280.83,26.03,26.91,28.67,44.09,1169.49,21471635.0
2023-09-04 16:54:21,280.83,280.83,26.01,26.87,28.7,44.08,1170.03,21474049.0
2023-09-04 16:54:23,281.67,280.83,26.03,26.87,28.67,44.07,1169.72,21476463.0
2023-09-04 16:54:25,281.67,280.83,26.03,26.91,28.69,44.11,1170.24,21478876.0
2023-09-04 16:54:28,281.67,280.83,25.99,26.89,28.7,44.07,1170.15,21481291.0
2023-09-04 16:54:30,280.83,280.83,25.99,26.87,28.67,44.06,1169.11,21483705.0
2023-09-04 16:54:33,280.83,280.83,26.01,26.91,28.7,44.02,1169.57,21486119.0
2023-09-04 16:54:35,280.83,280.83,26.01,26.87,28.67,44.04,1169.22,21488533.0
2023-09-04 16:54:37,281.67,281.67,26.01,26.93,28.67,44.04,1168.49,21490947.0
2023-09-04 16:54:40,281.67,281.67,26.03,26.93,28.69,44.06,1168.1,21493361.0
2023-09-04 16:54:42,280.83,280.83,26.01,26.89,28.64,44.06,1168.2,21495775.0
2023-09-04 16:54:45,281.67,280.83,25.99,26.91,28.67,44.05,1169.0,21498189.0
2023-09-04 16:54:47,280.83,280.83,25.99,27.03,28.67,44.02,1169.12,21500604.0
2023-09-04 16:54:49,280.83,280.83,25.99,26.91,28.67,44.0,1169.45,21503018.0
2023-09-04 16:54:52,280.83,280.83,26.01,26.93,28.67,43.98,1169.64,21505432.0
2023-09-04 16:54:54,280.0,280.0,25.99,26.95,28.66,44.07,1169.24,21507846.0
2023-09-04 16:54:57,280.83,280.83,25.97,26.99,28.67,44.07,1169.82,21510260.0
2023-09-04 16:54:59,280.0,280.83,26.01,26.83,28.69,44.01,1169.82,21512675.0
2023-09-04 16:55:02,280.0,280.0,25.99,26.99,28.69,44.02,1169.97,21515088.0
2023-09-04 16:55:04,280.0,280.0,26.01,26.95,28.69,44.01,1170.03,21517502.0
2023-09-04 16:55:06,280.0,280.0,25.99,26.85,28.69,44.08,1170.26,21519916.0
2023-09-04 16:55:09,280.0,280.0,25.99,26.85,28.69,44.02,1171.12,21522330.0
2023-09-04 16:55:11,280.0,280.0,26.01,26.91,28.66,44.06,1171.6,21524745.0
2023-09-04 16:55:14,280.0,280.0,25.99,26.91,28.67,44.07,1171.93,21527159.0
2023-09-04 16:55:16,280.0,280.0,26.01,27.01,28.67,44.14,1172.04,21529572.0
2023-09-04 16:55:18,277.5,277.5,26.01,27.01,28.66,44.03,1171.34,21531987.0
2023-09-04 16:55:21,279.17,279.17,26.03,26.95,28.64,44.04,1171.36,21534401.0
2023-09-04 16:55:23,279.17,279.17,25.97,26.87,28.64,44.06,1171.75,21536815.0
2023-09-04 16:55:26,279.17,279.17,25.97,26.87,28.66,44.05,1171.99,21539229.0
2023-09-04 16:55:28,279.17,279.17,25.99,26.89,28.64,44.07,1171.96,21541643.0
2023-09-04 16:55:31,279.17,279.17,25.97,26.93,28.64,44.08,1172.54,21544058.0
2023-09-04 16:55:33,279.17,279.17,26.01,26.85,28.66,44.02,1172.43,21546471.0
2023-09-04 16:55:35,277.5,277.5,25.97,26.95,28.66,44.02,1172.46,21548885.0
2023-09-04 16:55:38,275.83,275.83,25.99,26.93,28.66,44.07,1172.51,21551299.0
2023-09-04 16:55:40,274.17,274.17,26.01,26.97,28.69,44.06,1172.64,21553713.0
2023-09-04 16:55:43,270.0,270.0,25.97,26.87,28.67,44.06,1172.66,21556128.0
2023-09-04 16:55:45,270.0,270.0,26.01,26.93,28.67,44.1,1172.37,21558542.0
2023-09-04 16:55:47,270.0,270.0,25.97,26.93,28.67,44.14,1171.75,21560955.0
2023-09-04 16:55:50,270.0,270.0,25.99,26.87,28.7,44.13,1171.72,21563370.0
2023-09-04 16:55:52,270.0,270.0,26.03,26.87,28.66,44.11,1171.58,21565784.0
2023-09-04 16:55:55,270.0,270.0,25.99,26.95,28.69,44.15,1171.56,21568198.0
2023-09-04 16:55:57,270.0,269.17,25.99,26.93,28.67,44.14,1171.34,21570612.0
2023-09-04 16:55:59,269.17,269.17,25.97,26.93,28.67,44.09,1171.73,21573026.0
2023-09-04 16:56:02,269.17,269.17,25.99,26.93,28.67,44.15,1172.44,21575440.0
2023-09-04 16:56:04,269.17,269.17,25.99,26.91,28.69,44.13,1172.09,21577854.0
2023-09-04 16:56:07,269.17,269.17,25.99,26.89,28.64,44.13,1172.14,21580268.0
2023-09-04 16:56:09,269.17,268.33,25.99,26.97,28.66,44.12,1171.62,21582683.0
2023-09-04 16:56:12,268.33,268.33,25.97,26.95,28.67,44.16,1171.65,21585097.0
2023-09-04 16:56:14,268.33,268.33,25.97,26.97,28.69,44.14,1172.27,21587511.0
2023-09-04 16:56:16,268.33,268.33,25.97,27.05,28.66,44.14,1172.16,21589925.0
2023-09-04 16:56:19,268.33,268.33,25.99,26.97,28.64,44.11,1172.22,21592338.0
2023-09-04 16:56:21,268.33,268.33,26.01,26.97,28.66,44.2,1172.67,21594753.0
2023-09-04 16:56:24,268.33,267.5,25.97,26.95,28.69,44.18,1172.68,21597167.0
2023-09-04 16:56:26,267.5,267.5,25.99,26.95,28.7,44.2,1172.9,21599581.0
2023-09-04 16:56:28,268.33,267.5,25.99,26.93,28.67,44.23,1172.51,21601995.0
2023-09-04 16:56:31,267.5,267.5,25.97,26.99,28.67,44.21,1172.73,21604409.0
2023-09-04 16:56:33,267.5,267.5,25.97,26.99,28.69,44.23,1172.9,21606824.0
2023-09-04 16:56:36,267.5,267.5,25.99,26.99,28.7,44.17,1172.97,21609238.0
2023-09-04 16:56:38,267.5,267.5,26.01,26.99,28.67,44.16,1173.5,21611651.0
2023-09-04 16:56:40,266.67,266.67,25.97,26.93,28.69,44.13,1174.38,21614066.0
2023-09-04 16:56:43,267.5,267.5,25.99,26.91,28.7,44.09,1174.53,21616480.0
2023-09-04 16:56:45,267.5,267.5,25.99,26.93,28.7,44.07,1174.69,21618894.0
2023-09-04 16:56:48,266.67,267.5,25.99,26.95,28.7,44.04,1174.9,21621308.0
2023-09-04 16:56:50,267.5,266.67,25.97,26.91,28.73,43.99,1174.77,21623722.0
2023-09-04 16:56:53,267.5,267.5,26.01,27.01,28.7,44.0,1174.58,21626136.0
2023-09-04 16:56:55,267.5,267.5,25.99,26.99,28.73,43.99,1174.36,21628550.0
2023-09-04 16:56:57,266.67,266.67,26.01,26.99,28.71,43.94,1174.72,21630964.0
2023-09-04 16:57:00,267.5,267.5,26.01,26.91,28.71,43.99,1175.1,21633378.0
2023-09-04 16:57:02,266.67,267.5,26.03,26.99,28.71,44.05,1176.45,21635792.0
2023-09-04 16:57:05,267.5,267.5,25.99,26.93,28.7,44.07,1177.14,21638207.0
2023-09-04 16:57:07,267.5,267.5,25.97,26.87,28.71,44.09,1177.24,21640620.0
2023-09-04 16:57:09,267.5,267.5,25.99,26.91,28.7,44.1,1177.96,21643034.0
2023-09-04 16:57:12,266.67,267.5,26.01,26.99,28.71,44.09,1178.98,21645449.0
2023-09-04 16:57:14,266.67,266.67,26.01,26.93,28.71,44.09,1179.16,21647863.0
2023-09-04 16:57:17,267.5,267.5,26.01,27.01,28.73,44.12,1179.12,21650277.0
2023-09-04 16:57:19,263.33,263.33,26.03,26.95,28.7,44.04,1179.38,21652691.0
2023-09-04 16:57:21,264.17,265.0,26.03,27.05,28.71,44.0,1179.66,21655105.0
2023-09-04 16:57:24,265.0,264.17,26.03,27.01,28.73,43.99,1179.95,21657519.0
2023-09-04 16:57:26,265.0,265.0,25.99,26.93,28.73,43.93,1179.92,21659933.0
2023-09-04 16:57:29,264.17,265.0,25.99,26.95,28.74,43.98,1179.8,21662347.0
2023-09-04 16:57:31,265.0,265.0,26.03,27.05,28.71,43.94,1179.84,21664761.0
2023-09-04 16:57:34,265.0,265.0,26.07,27.05,28.71,43.96,1179.87,21667176.0
2023-09-04 16:57:36,265.0,265.0,26.03,26.93,28.71,44.0,1180.18,21669590.0
2023-09-04 16:57:38,265.0,265.0,26.03,26.95,28.7,43.95,1180.5,21672003.0
2023-09-04 16:57:41,265.0,265.0,26.03,27.01,28.69,43.98,1180.53,21674417.0
2023-09-04 16:57:43,265.0,265.0,26.01,27.05,28.71,43.92,1180.84,21676832.0
2023-09-04 16:57:46,269.17,270.0,26.05,27.05,28.71,43.91,1180.54,21679246.0
2023-09-04 16:57:48,266.67,266.67,26.03,26.99,28.7,43.98,1180.51,21681660.0
2023-09-04 16:57:50,265.0,266.67,26.03,26.97,28.71,43.97,1180.71,21684074.0
2023-09-04 16:57:53,266.67,266.67,26.03,26.91,28.71,44.05,1180.7,21686488.0
2023-09-04 16:57:55,266.67,266.67,25.99,26.97,28.71,44.04,1181.79,21688902.0
2023-09-04 16:57:58,266.67,266.67,26.03,26.91,28.73,44.02,1182.49,21691316.0
2023-09-04 16:58:00,266.67,266.67,26.03,26.91,28.73,43.95,1182.68,21693730.0
2023-09-04 16:58:03,265.0,265.0,26.03,26.89,28.73,43.9,1182.9,21696144.0
2023-09-04 16:58:05,270.83,272.5,26.03,26.91,28.74,43.88,1182.7,21698559.0
2023-09-04 16:58:07,272.5,272.5,26.03,26.87,28.76,43.84,1182.5,21700973.0
2023-09-04 16:58:10,272.5,272.5,26.05,26.93,28.76,43.84,1182.53,21703387.0
2023-09-04 16:58:12,272.5,272.5,26.03,26.91,28.77,43.87,1183.43,21705801.0
2023-09-04 16:58:15,272.5,272.5,26.07,26.97,28.73,43.82,1183.64,21708215.0
2023-09-04 16:58:17,272.5,272.5,26.07,26.97,28.76,43.8,1183.94,21710629.0
2023-09-04 16:58:19,272.5,272.5,26.05,26.99,28.77,43.77,1184.4,21713043.0
2023-09-04 16:58:22,272.5,272.5,26.03,26.97,28.77,43.76,1184.25,21715457.0
2023-09-04 16:58:24,268.33,268.33,26.07,26.99,28.76,43.71,1184.01,21717871.0
2023-09-04 16:58:27,267.5,267.5,26.03,26.87,28.77,43.67,1184.41,21720286.0
2023-09-04 16:58:29,268.33,268.33,26.05,26.95,28.74,43.7,1184.72,21722699.0
2023-09-04 16:58:31,269.17,270.0,26.05,27.01,28.74,43.77,1184.8,21725113.0
2023-09-04 16:58:34,269.17,269.17,26.07,26.95,28.76,43.77,1184.88,21727528.0
2023-09-04 16:58:36,268.33,269.17,26.03,26.99,28.79,43.82,1185.41,21729942.0
2023-09-04 16:58:39,263.33,263.33,26.07,26.97,28.77,43.79,1185.2,21732356.0
2023-09-04 16:58:41,263.33,262.5,26.07,26.95,28.77,43.8,1185.37,21734770.0
2023-09-04 16:58:44,262.5,263.33,26.05,26.97,28.76,43.93,1184.82,21737184.0
2023-09-04 16:58:46,263.33,263.33,26.07,26.87,28.76,43.86,1184.51,21739598.0
2023-09-04 16:58:48,261.67,261.67,26.03,26.91,28.74,43.85,1184.99,21742012.0
2023-09-04 16:58:51,262.5,262.5,26.09,26.93,28.76,43.88,1185.39,21744426.0
2023-09-04 16:58:53,261.67,261.67,26.07,26.97,28.76,43.75,1186.15,21746840.0
2023-09-04 16:58:56,260.83,260.83,26.09,26.91,28.76,43.72,1186.57,21749254.0
2023-09-04 16:58:58,260.83,260.83,26.07,26.93,28.76,43.7,1186.67,21751668.0
2023-09-04 16:59:00,270.83,270.83,26.07,26.95,28.77,43.71,1186.67,21754082.0
2023-09-04 16:59:03,270.83,270.83,26.07,26.97,28.77,43.69,1186.66,21756496.0
2023-09-04 16:59:05,270.83,270.83,26.07,26.99,28.77,43.65,1187.06,21758911.0
2023-09-04 16:59:08,270.83,270.83,26.07,26.97,28.77,43.63,1187.1,21761325.0
2023-09-04 16:59:10,270.83,270.83,26.05,26.95,28.79,43.69,1186.96,21763739.0
2023-09-04 16:59:12,270.83,270.83,26.11,26.91,28.76,43.72,1186.49,21766152.0
2023-09-04 16:59:15,270.83,270.83,26.09,26.99,28.77,43.71,1186.6,21768567.0
2023-09-04 16:59:17,270.83,270.83,26.07,26.93,28.79,43.74,1186.34,21770981.0
2023-09-04 16:59:20,270.0,270.0,26.07,26.91,28.79,43.7,1185.88,21773395.0
2023-09-04 16:59:22,270.0,270.0,26.09,26.95,28.76,43.71,1185.73,21775809.0
2023-09-04 16:59:25,270.0,270.0,26.07,26.91,28.76,43.75,1185.67,21778223.0
2023-09-04 16:59:27,270.0,270.0,26.07,26.93,28.77,43.74,1185.44,21780638.0
2023-09-04 16:59:29,270.0,270.0,26.07,26.95,28.77,43.65,1185.17,21783052.0
2023-09-04 16:59:32,270.0,270.0,26.09,26.93,28.77,43.66,1185.08,21785465.0
2023-09-04 16:59:34,270.0,270.0,26.09,26.97,28.76,43.66,1184.99,21787879.0
2023-09-04 16:59:37,270.0,269.17,26.07,26.93,28.79,43.67,1185.38,21790294.0
2023-09-04 16:59:39,267.5,267.5,26.13,26.93,28.77,43.67,1185.53,21792708.0
2023-09-04 16:59:41,267.5,267.5,26.07,26.95,28.79,43.64,1185.26,21795122.0
2023-09-04 16:59:44,267.5,266.67,26.11,26.99,28.8,43.65,1185.58,21797536.0
2023-09-04 16:59:46,267.5,266.67,26.15,26.99,28.76,43.67,1184.1,21799950.0
2023-09-04 16:59:49,266.67,266.67,26.07,26.97,28.74,43.72,1184.65,21802364.0
2023-09-04 16:59:51,266.67,266.67,26.09,26.89,28.79,43.75,1185.29,21804778.0
2023-09-04 16:59:53,266.67,266.67,26.11,26.85,28.79,43.73,1185.12,21807192.0
2023-09-04 16:59:56,266.67,266.67,26.11,26.93,28.77,43.7,1185.9,21809607.0
2023-09-04 16:59:58,266.67,266.67,26.11,26.93,28.77,43.7,1185.63,21812021.0
2023-09-04 17:00:01,266.67,266.67,26.11,26.97,28.76,43.7,1184.43,21814435.0
2023-09-04 17:00:03,266.67,266.67,26.09,26.97,28.77,43.65,1184.37,21816849.0
2023-09-04 17:00:06,266.67,266.67,26.11,26.97,28.77,43.65,1185.42,21819263.0
2023-09-04 17:00:08,266.67,266.67,26.11,26.93,28.76,43.74,1184.96,21821677.0
2023-09-04 17:00:10,266.67,266.67,26.13,26.95,28.77,43.71,1184.71,21824091.0
2023-09-04 17:00:13,267.5,267.5,26.11,26.91,28.77,43.8,1184.46,21826505.0
2023-09-04 17:00:15,267.5,267.5,26.11,26.97,28.79,43.78,1184.76,21828919.0
2023-09-04 17:00:18,267.5,267.5,26.13,26.99,28.79,43.71,1185.39,21831333.0
2023-09-04 17:00:20,267.5,267.5,26.13,26.93,28.76,43.71,1184.98,21833748.0
2023-09-04 17:00:22,267.5,267.5,26.13,26.91,28.77,43.67,1184.77,21836162.0
2023-09-04 17:00:25,267.5,267.5,26.11,26.93,28.79,43.65,1184.62,21838575.0
2023-09-04 17:00:27,267.5,267.5,26.15,26.85,28.79,43.61,1185.21,21840990.0
2023-09-04 17:00:30,267.5,267.5,26.09,26.93,28.77,43.56,1185.93,21843404.0
2023-09-04 17:00:32,267.5,267.5,26.13,26.95,28.79,43.61,1186.86,21845818.0
2023-09-04 17:00:35,267.5,268.33,26.15,26.89,28.79,43.62,1187.2,21848232.0
2023-09-04 17:00:37,268.33,268.33,26.13,26.89,28.77,43.63,1187.3,21850646.0
2023-09-04 17:00:39,268.33,268.33,26.15,26.93,28.77,43.67,1187.63,21853060.0
2023-09-04 17:00:42,268.33,268.33,26.15,26.91,28.76,43.69,1187.35,21855474.0
2023-09-04 17:00:44,271.67,270.83,26.11,27.01,28.8,43.68,1187.07,21857888.0
2023-09-04 17:00:47,273.33,273.33,26.15,26.89,28.79,43.64,1187.58,21860303.0
2023-09-04 17:00:49,270.0,270.0,26.15,26.95,28.77,43.65,1187.05,21862717.0
2023-09-04 17:00:51,269.17,270.0,26.15,26.93,28.79,43.71,1185.56,21865131.0
2023-09-04 17:00:54,270.0,270.0,26.17,26.97,28.79,43.82,1186.19,21867545.0
2023-09-04 17:00:56,270.0,270.0,26.17,26.95,28.77,43.8,1186.7,21869958.0
2023-09-04 17:00:59,270.0,270.0,26.13,26.91,28.76,43.83,1185.54,21872373.0
2023-09-04 17:01:01,270.0,270.0,26.17,26.99,28.73,43.8,1185.2,21874787.0
2023-09-04 17:01:03,270.0,270.0,26.17,26.89,28.76,43.8,1185.07,21877201.0
2023-09-04 17:01:06,270.0,270.0,26.15,26.93,28.76,43.75,1185.84,21879615.0
2023-09-04 17:01:08,270.0,270.0,26.15,26.95,28.76,43.85,1184.78,21882029.0
2023-09-04 17:01:11,270.0,270.0,26.17,26.97,28.76,43.84,1185.13,21884443.0
2023-09-04 17:01:13,270.0,270.0,26.15,26.85,28.76,43.85,1184.92,21886857.0
2023-09-04 17:01:16,270.0,270.0,26.17,26.95,28.76,43.79,1184.85,21889271.0
2023-09-04 17:01:18,270.0,270.0,26.17,26.95,28.76,43.76,1184.28,21891685.0
2023-09-04 17:01:20,270.0,270.0,26.17,26.99,28.77,43.71,1184.47,21894100.0
2023-09-04 17:01:23,270.0,270.0,26.15,26.99,28.79,43.69,1184.79,21896514.0
2023-09-04 17:01:25,270.0,270.0,26.17,26.95,28.79,43.7,1184.7,21898928.0
2023-09-04 17:01:28,270.0,270.0,26.15,27.01,28.76,43.71,1185.13,21901342.0
2023-09-04 17:01:30,270.0,270.0,26.15,26.97,28.77,43.67,1184.89,21903757.0
2023-09-04 17:01:32,269.17,269.17,26.17,26.97,28.79,43.66,1185.19,21906170.0
2023-09-04 17:01:35,270.0,270.0,26.15,26.99,28.76,43.62,1184.77,21908584.0
2023-09-04 17:01:37,270.0,270.0,26.15,26.91,28.77,43.65,1184.45,21910998.0
2023-09-04 17:01:40,269.17,269.17,26.17,26.95,28.77,43.71,1184.84,21913412.0
2023-09-04 17:01:42,270.0,269.17,26.15,26.99,28.79,43.71,1184.82,21915827.0
2023-09-04 17:01:44,269.17,269.17,26.15,26.95,28.8,43.77,1184.58,21918241.0
2023-09-04 17:01:47,269.17,268.33,26.17,26.91,28.77,43.76,1184.25,21920655.0
2023-09-04 17:01:49,271.67,271.67,26.15,26.87,28.8,43.78,1184.25,21923069.0
2023-09-04 17:01:52,272.5,272.5,26.19,27.05,28.76,43.79,1183.82,21925483.0
2023-09-04 17:01:54,272.5,272.5,26.13,27.01,28.79,43.88,1184.19,21927897.0
2023-09-04 17:01:57,273.33,273.33,26.17,27.05,28.76,43.86,1184.33,21930311.0
2023-09-04 17:01:59,272.5,272.5,26.15,26.97,28.77,43.92,1185.26,21932725.0
2023-09-04 17:02:01,272.5,273.33,26.15,26.99,28.77,43.93,1184.87,21935140.0
2023-09-04 17:02:04,272.5,272.5,26.15,26.99,28.77,43.94,1185.22,21937554.0
2023-09-04 17:02:06,272.5,271.67,26.15,26.95,28.77,43.92,1185.24,21939968.0
2023-09-04 17:02:09,262.5,262.5,26.15,26.97,28.76,43.93,1185.24,21942381.0
2023-09-04 17:02:11,262.5,262.5,26.13,26.91,28.79,43.84,1185.38,21944796.0
2023-09-04 17:02:13,262.5,262.5,26.17,26.93,28.77,43.88,1185.76,21947210.0
2023-09-04 17:02:16,262.5,262.5,26.17,26.97,28.77,43.82,1185.63,21949624.0
2023-09-04 17:02:18,263.33,262.5,26.15,26.95,28.76,43.83,1185.09,21952038.0
2023-09-04 17:02:21,262.5,263.33,26.15,26.97,28.8,43.73,1184.1,21954452.0
2023-09-04 17:02:23,264.17,264.17,26.15,26.91,28.79,43.7,1184.34,21956867.0
2023-09-04 17:02:25,263.33,263.33,26.15,26.83,28.77,43.76,1184.91,21959281.0
2023-09-04 17:02:28,263.33,263.33,26.15,26.97,28.8,43.73,1185.26,21961695.0
2023-09-04 17:02:30,264.17,264.17,26.15,26.99,28.77,43.74,1186.34,21964109.0
2023-09-04 17:02:33,264.17,264.17,26.17,26.97,28.8,43.71,1186.09,21966523.0
2023-09-04 17:02:35,264.17,264.17,26.19,27.05,28.79,43.73,1185.27,21968937.0
2023-09-04 17:02:38,265.0,265.0,26.19,27.01,28.8,43.75,1185.42,21971351.0
2023-09-04 17:02:40,265.0,265.0,26.15,26.93,28.8,43.83,1185.67,21973765.0
2023-09-04 17:02:42,264.17,264.17,26.15,26.99,28.79,43.86,1185.86,21976180.0
2023-09-04 17:02:45,264.17,264.17,26.17,26.97,28.77,43.82,1185.87,21978594.0
2023-09-04 17:02:47,264.17,264.17,26.17,26.93,28.8,43.86,1185.91,21981007.0
2023-09-04 17:02:50,264.17,264.17,26.17,27.03,28.79,43.83,1185.72,21983421.0
2023-09-04 17:02:52,264.17,264.17,26.15,26.97,28.76,43.8,1185.35,21985835.0
2023-09-04 17:02:54,263.33,263.33,26.15,27.11,28.79,43.78,1186.03,21988250.0
2023-09-04 17:02:57,264.17,264.17,26.19,26.95,28.77,43.77,1186.05,21990664.0
2023-09-04 17:02:59,264.17,264.17,26.19,26.99,28.77,43.76,1185.81,21993078.0
2023-09-04 17:03:02,264.17,264.17,26.15,26.97,28.79,43.82,1186.55,21995492.0
2023-09-04 17:03:04,264.17,264.17,26.17,26.97,28.79,43.83,1187.14,21997906.0
2023-09-04 17:03:07,264.17,264.17,26.17,26.93,28.76,43.9,1187.52,22000320.0
2023-09-04 17:03:09,264.17,264.17,26.19,26.93,28.76,43.84,1187.55,22002734.0
2023-09-04 17:03:11,264.17,264.17,26.19,26.89,28.77,43.79,1189.45,22005149.0
2023-09-04 17:03:14,265.0,265.0,26.19,26.95,28.77,43.77,1189.49,22007563.0
2023-09-04 17:03:16,265.0,265.0,26.19,26.95,28.79,43.78,1189.29,22009977.0
2023-09-04 17:03:19,264.17,264.17,26.17,26.89,28.79,43.73,1189.64,22012391.0
2023-09-04 17:03:21,265.0,265.0,26.17,26.97,28.77,43.65,1190.17,22014805.0
2023-09-04 17:03:23,264.17,264.17,26.17,26.95,28.77,43.59,1190.32,22017219.0
2023-09-04 17:03:26,264.17,264.17,26.15,26.87,28.77,43.66,1190.14,22019633.0
2023-09-04 17:03:28,264.17,264.17,26.17,26.97,28.79,43.67,1189.62,22022047.0
2023-09-04 17:03:31,270.83,270.83,26.17,26.97,28.76,43.63,1188.96,22024461.0
2023-09-04 17:03:33,270.83,270.83,26.17,26.97,28.77,43.72,1189.54,22026875.0
2023-09-04 17:03:35,270.83,270.0,26.17,26.93,28.77,43.72,1189.05,22029290.0
2023-09-04 17:03:38,270.0,270.83,26.15,26.99,28.79,43.73,1190.3,22031704.0
2023-09-04 17:03:40,270.83,270.83,26.17,26.99,28.77,43.7,1190.4,22034117.0
2023-09-04 17:03:43,270.0,270.0,26.17,26.93,28.76,43.74,1190.22,22036532.0
2023-09-04 17:03:45,270.0,270.83,26.15,26.97,28.77,43.72,1190.32,22038946.0
2023-09-04 17:03:48,270.0,270.0,26.17,26.95,28.77,43.75,1190.95,22041360.0
2023-09-04 17:03:50,270.0,270.0,26.15,26.95,28.77,43.74,1191.13,22043774.0
2023-09-04 17:03:52,270.0,270.0,26.13,26.91,28.77,43.66,1190.93,22046188.0
2023-09-04 17:03:55,267.5,267.5,26.17,26.91,28.76,43.72,1190.55,22048603.0
2023-09-04 17:03:57,267.5,267.5,26.19,26.97,28.76,43.67,1190.66,22051016.0
2023-09-04 17:04:00,266.67,265.0,26.19,27.03,28.76,43.67,1190.54,22053430.0
2023-09-04 17:04:02,270.0,270.0,26.17,26.89,28.76,43.71,1189.66,22055845.0
2023-09-04 17:04:04,270.0,270.0,26.19,26.95,28.76,43.77,1190.18,22058259.0
2023-09-04 17:04:07,268.33,268.33,26.15,26.99,28.77,43.83,1190.29,22060673.0
2023-09-04 17:04:09,269.17,269.17,26.17,26.91,28.77,43.89,1190.42,22063087.0
2023-09-04 17:04:12,269.17,269.17,26.17,26.89,28.74,43.85,1189.86,22065500.0
2023-09-04 17:04:14,269.17,269.17,26.19,26.97,28.77,43.74,1189.36,22067915.0
2023-09-04 17:04:16,270.0,270.0,26.19,26.93,28.77,43.72,1190.1,22070329.0
2023-09-04 17:04:19,269.17,267.5,26.17,26.95,28.77,43.7,1189.99,22072743.0
2023-09-04 17:04:21,266.67,267.5,26.21,26.97,28.77,43.69,1190.18,22075157.0
2023-09-04 17:04:24,266.67,266.67,26.17,27.13,28.76,43.7,1190.21,22077571.0
2023-09-04 17:04:26,266.67,266.67,26.17,27.07,28.77,43.69,1190.64,22079986.0
2023-09-04 17:04:29,267.5,267.5,26.19,26.95,28.79,43.7,1190.98,22082399.0
2023-09-04 17:04:31,267.5,267.5,26.17,26.95,28.77,43.7,1190.12,22084813.0
2023-09-04 17:04:33,267.5,267.5,26.19,27.03,28.79,43.67,1189.89,22087228.0
2023-09-04 17:04:36,267.5,267.5,26.19,26.97,28.79,43.67,1190.43,22089642.0
2023-09-04 17:04:38,267.5,267.5,26.19,27.07,28.77,43.67,1190.93,22092056.0
2023-09-04 17:04:41,268.33,268.33,26.21,27.01,28.77,43.65,1190.97,22094470.0
2023-09-04 17:04:43,267.5,268.33,26.17,26.99,28.76,43.79,1190.58,22096884.0
2023-09-04 17:04:45,267.5,267.5,26.19,27.05,28.76,43.8,1190.19,22099299.0
2023-09-04 17:04:48,267.5,267.5,26.17,26.85,28.76,43.77,1190.09,22101713.0
2023-09-04 17:04:50,267.5,267.5,26.17,26.89,28.77,43.71,1190.25,22104127.0
2023-09-04 17:04:53,267.5,267.5,26.17,26.91,28.77,43.74,1189.55,22106541.0
2023-09-04 17:04:55,267.5,267.5,26.17,26.97,28.77,43.72,1189.17,22108955.0
2023-09-04 17:04:57,267.5,268.33,26.19,26.93,28.76,43.69,1189.38,22111370.0
2023-09-04 17:05:00,267.5,267.5,26.15,26.93,28.76,43.72,1189.26,22113783.0
2023-09-04 17:05:02,270.0,270.0,26.21,26.97,28.76,43.75,1189.33,22116197.0
2023-09-04 17:05:05,270.0,270.0,26.19,27.07,28.76,43.75,1188.43,22118612.0
2023-09-04 17:05:07,269.17,269.17,26.19,26.99,28.76,43.74,1188.2,22121026.0
2023-09-04 17:05:10,269.17,269.17,26.19,26.93,28.77,43.72,1188.25,22123440.0
2023-09-04 17:05:12,268.33,268.33,26.19,26.99,28.74,43.76,1188.21,22125854.0
2023-09-04 17:05:14,268.33,268.33,26.19,26.93,28.76,43.8,1187.71,22128268.0
2023-09-04 17:05:17,269.17,269.17,26.19,26.93,28.74,43.77,1188.62,22130682.0
2023-09-04 17:05:19,268.33,268.33,26.21,26.89,28.76,43.8,1188.7,22133096.0
2023-09-04 17:05:22,268.33,268.33,26.17,27.05,28.76,43.8,1188.77,22135510.0
2023-09-04 17:05:24,268.33,268.33,26.19,26.97,28.74,43.76,1188.53,22137924.0
2023-09-04 17:05:26,268.33,267.5,26.17,26.89,28.76,43.74,1188.8,22140338.0
2023-09-04 17:05:29,265.0,265.0,26.19,26.99,28.74,43.68,1188.7,22142753.0
2023-09-04 17:05:31,265.0,265.0,26.17,26.99,28.76,43.7,1189.02,22145167.0
2023-09-04 17:05:34,265.0,265.0,26.19,26.97,28.74,43.68,1189.07,22147581.0
2023-09-04 17:05:36,265.0,265.0,26.17,26.99,28.76,43.71,1188.15,22149995.0
2023-09-04 17:05:38,264.17,264.17,26.19,26.93,28.79,43.75,1188.68,22152409.0
2023-09-04 17:05:41,264.17,264.17,26.19,26.99,28.77,43.7,1188.42,22154823.0
2023-09-04 17:05:43,264.17,264.17,26.19,27.05,28.76,43.72,1188.31,22157237.0
2023-09-04 17:05:46,264.17,264.17,26.21,26.93,28.74,43.7,1188.03,22159651.0
2023-09-04 17:05:48,263.33,264.17,26.19,27.01,28.77,43.7,1187.64,22162066.0
2023-09-04 17:05:51,264.17,264.17,26.19,26.99,28.73,43.68,1186.92,22164480.0
2023-09-04 17:05:53,265.0,265.0,26.19,27.03,28.76,43.75,1186.26,22166893.0
2023-09-04 17:05:55,267.5,267.5,26.19,27.01,28.74,43.77,1185.84,22169308.0
2023-09-04 17:05:58,267.5,267.5,26.21,26.99,28.74,43.8,1186.45,22171722.0
2023-09-04 17:06:00,266.67,266.67,26.19,26.93,28.74,43.85,1186.25,22174136.0
2023-09-04 17:06:03,266.67,266.67,26.19,26.93,28.74,43.79,1186.61,22176550.0
2023-09-04 17:06:05,264.17,265.0,26.17,26.89,28.76,43.74,1186.9,22178964.0
2023-09-04 17:06:07,265.0,266.67,26.19,26.99,28.74,43.7,1187.7,22181378.0
2023-09-04 17:06:10,264.17,264.17,26.21,26.93,28.76,43.71,1187.51,22183792.0
2023-09-04 17:06:12,265.0,265.0,26.19,27.01,28.71,43.72,1187.55,22186206.0
2023-09-04 17:06:15,265.0,265.0,26.19,27.01,28.74,43.75,1187.59,22188620.0
2023-09-04 17:06:17,266.67,266.67,26.15,26.99,28.76,43.74,1188.09,22191034.0
2023-09-04 17:06:20,265.0,265.0,26.17,26.93,28.74,43.75,1187.82,22193449.0
2023-09-04 17:06:22,264.17,264.17,26.17,26.97,28.74,43.72,1186.71,22195863.0
2023-09-04 17:06:24,261.67,261.67,26.17,27.01,28.76,43.71,1187.29,22198276.0
2023-09-04 17:06:27,265.0,265.0,26.17,26.95,28.76,43.76,1186.18,22200691.0
2023-09-04 17:06:29,264.17,265.0,26.19,27.05,28.76,43.76,1185.67,22203105.0
2023-09-04 17:06:32,264.17,264.17,26.19,26.93,28.76,43.75,1186.45,22205519.0
2023-09-04 17:06:34,264.17,264.17,26.19,26.97,28.76,43.75,1186.94,22207933.0
2023-09-04 17:06:36,263.33,263.33,26.17,27.07,28.77,43.63,1187.28,22210347.0
2023-09-04 17:06:39,263.33,263.33,26.19,27.01,28.77,43.62,1187.33,22212762.0
2023-09-04 17:06:41,258.33,258.33,26.17,26.99,28.76,43.57,1188.23,22215176.0
2023-09-04 17:06:44,260.0,260.83,26.19,26.99,28.76,43.59,1188.2,22217589.0
2023-09-04 17:06:46,261.67,261.67,26.17,27.03,28.77,43.52,1187.88,22220003.0
2023-09-04 17:06:48,255.83,255.0,26.17,26.99,28.76,43.63,1186.88,22222417.0
2023-09-04 17:06:51,260.0,260.83,26.17,27.01,28.77,43.65,1186.24,22224842.0
2023-09-04 17:06:53,263.33,263.33,26.17,27.01,28.76,43.6,1185.41,22227256.0
2023-09-04 17:06:56,263.33,263.33,26.17,27.07,28.76,43.59,1184.51,22229670.0
2023-09-04 17:06:58,262.5,262.5,26.19,27.01,28.77,43.6,1184.11,22232084.0
2023-09-04 17:07:01,264.17,264.17,26.19,27.03,28.8,43.59,1185.13,22234498.0
2023-09-04 17:07:03,275.83,276.67,26.17,27.09,28.77,43.56,1185.57,22236912.0
2023-09-04 17:07:05,275.0,275.0,26.17,26.87,28.76,43.5,1186.12,22239326.0
2023-09-04 17:07:08,274.17,274.17,26.17,27.01,28.77,43.72,1186.07,22241740.0
2023-09-04 17:07:10,280.83,280.83,26.17,26.97,28.77,43.69,1186.3,22244155.0
2023-09-04 17:07:13,280.83,281.67,26.19,27.03,28.79,43.61,1186.86,22246569.0
2023-09-04 17:07:15,282.5,282.5,26.19,27.05,28.79,43.56,1186.52,22248982.0
2023-09-04 17:07:17,281.67,280.83,26.19,26.99,28.79,43.43,1187.21,22251397.0
2023-09-04 17:07:20,281.67,280.83,26.17,26.99,28.8,43.43,1186.72,22253811.0
2023-09-04 17:07:22,279.17,279.17,26.17,26.91,28.8,43.47,1187.57,22256225.0
2023-09-04 17:07:25,279.17,279.17,26.17,27.05,28.77,43.46,1187.46,22258639.0
2023-09-04 17:07:27,279.17,279.17,26.23,27.07,28.79,43.47,1187.3,22261053.0
2023-09-04 17:07:29,279.17,279.17,26.19,26.99,28.79,43.52,1187.73,22263467.0
2023-09-04 17:07:32,282.5,282.5,26.17,26.99,28.77,43.52,1187.86,22265881.0
2023-09-04 17:07:34,282.5,282.5,26.19,26.99,28.77,43.48,1188.31,22268295.0
2023-09-04 17:07:37,283.33,283.33,26.19,26.95,28.79,43.5,1188.0,22270709.0
2023-09-04 17:07:39,276.67,276.67,26.19,27.01,28.8,43.55,1187.22,22273124.0
2023-09-04 17:07:42,282.5,282.5,26.17,27.01,28.79,43.47,1187.98,22275538.0
2023-09-04 17:07:44,281.67,281.67,26.19,26.97,28.8,43.53,1188.6,22277952.0
2023-09-04 17:07:46,280.0,280.0,26.19,26.95,28.8,43.47,1188.78,22280366.0
2023-09-04 17:07:49,280.83,280.83,26.17,27.03,28.81,43.37,1188.29,22282780.0
2023-09-04 17:07:51,273.33,273.33,26.19,27.03,28.8,43.33,1188.59,22285194.0
2023-09-04 17:07:54,281.67,281.67,26.19,27.05,28.81,43.37,1188.33,22287608.0
2023-09-04 17:07:56,280.0,280.0,26.19,26.97,28.8,43.32,1188.71,22290022.0
2023-09-04 17:07:58,282.5,282.5,26.19,27.03,28.81,43.36,1188.8,22292436.0
2023-09-04 17:08:01,280.83,280.83,26.17,27.05,28.81,43.37,1188.03,22294850.0
2023-09-04 17:08:03,283.33,283.33,26.17,26.99,28.81,43.34,1188.08,22297265.0
2023-09-04 17:08:06,282.5,281.67,26.19,27.01,28.81,43.36,1188.12,22299679.0
2023-09-04 17:08:08,283.33,283.33,26.19,26.99,28.81,43.39,1188.0,22302092.0
2023-09-04 17:08:10,282.5,283.33,26.15,26.95,28.8,43.4,1188.53,22304507.0
2023-09-04 17:08:13,283.33,283.33,26.17,27.07,28.8,43.33,1189.04,22306921.0
2023-09-04 17:08:15,280.0,279.17,26.17,27.13,28.81,43.37,1189.3,22309335.0
2023-09-04 17:08:18,279.17,279.17,26.15,27.15,28.8,43.36,1189.32,22311749.0
2023-09-04 17:08:20,278.33,278.33,26.17,26.99,28.79,43.4,1188.48,22314163.0
2023-09-04 17:08:23,279.17,279.17,26.15,26.99,28.8,43.39,1188.74,22316578.0
2023-09-04 17:08:25,279.17,280.0,26.17,27.13,28.77,43.35,1188.5,22318991.0
2023-09-04 17:08:27,276.67,275.83,26.19,27.05,28.83,43.31,1189.29,22321405.0
2023-09-04 17:08:30,274.17,275.83,26.17,26.95,28.79,43.31,1189.6,22323820.0
2023-09-04 17:08:32,274.17,274.17,26.17,27.01,28.79,43.3,1190.09,22326234.0
2023-09-04 17:08:35,280.0,280.0,26.15,27.05,28.81,43.32,1189.97,22328648.0
2023-09-04 17:08:37,280.0,280.0,26.17,27.07,28.81,43.33,1190.17,22331062.0
2023-09-04 17:08:39,280.0,280.0,26.15,26.95,28.83,43.32,1190.3,22333476.0
2023-09-04 17:08:42,279.17,279.17,26.15,26.99,28.81,43.29,1189.16,22335890.0
2023-09-04 17:08:44,279.17,279.17,26.15,26.93,28.81,43.29,1188.14,22338305.0
2023-09-04 17:08:47,279.17,279.17,26.17,26.99,28.83,43.31,1188.47,22340718.0
2023-09-04 17:08:49,279.17,280.0,26.15,26.97,28.8,43.3,1188.68,22343132.0
2023-09-04 17:08:52,280.0,280.0,26.17,27.03,28.8,43.34,1188.58,22345547.0
2023-09-04 17:08:54,280.0,280.0,26.15,26.91,28.81,43.3,1188.82,22347961.0
2023-09-04 17:08:56,280.0,280.0,26.17,27.01,28.83,43.33,1188.78,22350375.0
2023-09-04 17:08:59,280.0,280.0,26.17,27.05,28.8,43.32,1189.03,22352789.0
2023-09-04 17:09:01,280.0,280.0,26.17,27.03,28.83,43.35,1188.61,22355203.0
2023-09-04 17:09:04,280.0,280.83,26.15,27.01,28.83,43.36,1188.22,22357618.0
2023-09-04 17:09:06,280.83,280.83,26.15,26.99,28.81,43.29,1188.14,22360031.0
2023-09-04 17:09:08,280.83,280.83,26.15,27.01,28.81,43.32,1188.05,22362445.0
2023-09-04 17:09:11,280.83,280.83,26.15,27.07,28.8,43.32,1188.41,22364860.0
2023-09-04 17:09:13,270.0,269.17,26.15,27.05,28.81,43.25,1188.33,22367274.0
2023-09-04 17:09:16,267.5,267.5,26.15,26.93,28.81,43.26,1188.78,22369688.0
2023-09-04 17:09:18,268.33,269.17,26.15,27.05,28.8,43.26,1188.79,22372102.0
2023-09-04 17:09:20,270.0,270.0,26.15,26.95,28.83,43.26,1188.52,22374516.0
2023-09-04 17:09:23,270.83,270.83,26.15,26.91,28.81,43.26,1188.65,22376930.0
2023-09-04 17:09:25,271.67,270.83,26.15,27.05,28.81,43.22,1188.78,22379344.0
2023-09-04 17:09:28,270.83,270.83,26.15,26.97,28.83,43.26,1188.96,22381758.0
2023-09-04 17:09:30,274.17,274.17,26.17,26.99,28.83,43.28,1189.06,22384172.0
2023-09-04 17:09:33,268.33,268.33,26.17,26.97,28.81,43.26,1189.69,22386587.0
2023-09-04 17:09:35,266.67,266.67,26.13,26.97,28.83,43.31,1189.96,22389001.0
2023-09-04 17:09:37,266.67,266.67,26.17,27.11,28.81,43.34,1190.78,22391415.0
2023-09-04 17:09:40,265.0,266.67,26.17,27.03,28.81,43.33,1190.92,22393829.0
2023-09-04 17:09:42,275.0,275.0,26.15,27.03,28.81,43.39,1191.34,22396243.0
2023-09-04 17:09:45,274.17,274.17,26.17,26.97,28.83,43.35,1191.28,22398657.0
2023-09-04 17:09:47,274.17,274.17,26.17,26.99,28.83,43.32,1190.84,22401071.0
2023-09-04 17:09:49,274.17,274.17,26.15,27.09,28.81,43.34,1190.34,22403485.0
2023-09-04 17:09:52,275.0,275.0,26.17,26.99,28.83,43.35,1190.27,22405899.0
2023-09-04 17:09:54,275.83,275.83,26.15,27.05,28.8,43.33,1190.19,22408314.0
2023-09-04 17:09:57,275.83,275.83,26.17,27.01,28.81,43.34,1189.98,22410728.0
2023-09-04 17:09:59,275.83,275.83,26.17,26.97,28.81,43.3,1190.02,22413142.0
2023-09-04 17:10:01,275.0,275.83,26.19,27.01,28.8,43.33,1189.84,22415556.0
2023-09-04 17:10:04,275.0,275.0,26.15,26.97,28.83,43.26,1190.5,22417970.0
2023-09-04 17:10:06,275.0,275.0,26.13,27.01,28.83,43.28,1190.94,22420384.0
2023-09-04 17:10:09,275.0,275.0,26.15,26.97,28.81,43.3,1190.37,22422798.0
2023-09-04 17:10:11,275.0,275.0,26.17,26.99,28.83,43.28,1190.62,22425212.0
2023-09-04 17:10:14,275.0,275.0,26.17,27.07,28.84,43.28,1191.36,22427627.0
2023-09-04 17:10:16,275.0,275.0,26.15,26.97,28.83,43.23,1191.61,22430041.0
2023-09-04 17:10:18,275.0,275.0,26.17,26.97,28.83,43.25,1191.4,22432455.0
2023-09-04 17:10:21,275.0,275.0,26.13,26.99,28.8,43.22,1191.13,22434869.0
2023-09-04 17:10:23,274.17,275.0,26.15,27.01,28.83,43.25,1191.87,22437283.0
2023-09-04 17:10:26,274.17,274.17,26.15,26.95,28.81,43.3,1191.73,22439697.0
2023-09-04 17:10:28,274.17,274.17,26.15,26.91,28.83,43.28,1191.25,22442111.0
2023-09-04 17:10:30,274.17,274.17,26.15,26.99,28.8,43.2,1190.62,22444525.0
2023-09-04 17:10:33,274.17,274.17,26.13,26.97,28.8,43.22,1190.38,22446939.0
2023-09-04 17:10:35,275.0,275.0,26.15,26.95,28.83,43.22,1190.42,22449353.0
2023-09-04 17:10:38,274.17,275.0,26.17,26.93,28.81,43.23,1190.2,22451768.0
2023-09-04 17:10:40,274.17,274.17,26.15,26.97,28.83,43.22,1189.63,22454181.0
2023-09-04 17:10:42,273.33,273.33,26.15,26.97,28.83,43.22,1189.68,22456595.0
2023-09-04 17:10:45,278.33,278.33,26.17,26.95,28.8,43.25,1190.33,22459010.0
2023-09-04 17:10:47,278.33,278.33,26.11,26.95,28.83,43.25,1189.71,22461424.0
2023-09-04 17:10:50,278.33,278.33,26.15,27.01,28.83,43.28,1189.54,22463838.0
2023-09-04 17:10:52,279.17,279.17,26.17,26.99,28.81,43.33,1190.59,22466252.0
2023-09-04 17:10:55,278.33,278.33,26.11,27.05,28.83,43.28,1191.29,22468666.0
2023-09-04 17:10:57,278.33,278.33,26.15,26.97,28.81,43.3,1191.88,22471080.0
2023-09-04 17:10:59,278.33,279.17,26.17,27.03,28.81,43.25,1192.43,22473494.0
2023-09-04 17:11:02,279.17,279.17,26.17,26.97,28.81,43.28,1192.48,22475908.0
2023-09-04 17:11:04,279.17,279.17,26.17,26.97,28.83,43.31,1192.9,22478322.0
2023-09-04 17:11:07,279.17,279.17,26.17,27.05,28.81,43.29,1193.62,22480737.0
2023-09-04 17:11:09,276.67,277.5,26.15,27.07,28.81,43.3,1193.44,22483151.0
2023-09-04 17:11:11,277.5,277.5,26.13,26.97,28.81,43.3,1193.45,22485565.0
2023-09-04 17:11:14,278.33,278.33,26.13,26.87,28.83,43.28,1193.85,22487979.0
2023-09-04 17:11:16,278.33,278.33,26.11,26.95,28.83,43.25,1194.19,22490393.0
2023-09-04 17:11:19,279.17,279.17,26.15,27.01,28.83,43.21,1194.8,22492807.0
2023-09-04 17:11:21,279.17,279.17,26.15,26.95,28.83,43.18,1194.74,22495221.0
2023-09-04 17:11:23,279.17,279.17,26.17,26.95,28.81,43.18,1195.16,22497635.0
2023-09-04 17:11:26,279.17,279.17,26.15,27.01,28.81,43.18,1195.77,22500050.0
2023-09-04 17:11:28,279.17,279.17,26.13,27.01,28.8,43.16,1195.73,22502464.0
2023-09-04 17:11:31,279.17,279.17,26.13,26.99,28.83,43.14,1195.4,22504878.0
2023-09-04 17:11:33,279.17,279.17,26.13,27.01,28.84,43.12,1195.42,22507292.0
2023-09-04 17:11:36,279.17,279.17,26.17,26.93,28.83,43.18,1196.19,22509706.0
2023-09-04 17:11:38,279.17,279.17,26.15,26.95,28.81,43.22,1196.34,22512121.0
2023-09-04 17:11:40,279.17,279.17,26.15,26.97,28.83,43.22,1196.35,22514534.0
2023-09-04 17:11:43,279.17,279.17,26.17,27.03,28.83,43.21,1196.53,22516948.0
2023-09-04 17:11:45,279.17,279.17,26.15,27.01,28.81,43.21,1196.27,22519362.0
2023-09-04 17:11:48,279.17,279.17,26.13,26.95,28.83,43.15,1197.38,22521776.0
2023-09-04 17:11:50,279.17,279.17,26.17,26.97,28.84,43.24,1197.47,22524191.0
2023-09-04 17:11:52,275.83,275.0,26.15,27.05,28.8,43.25,1196.99,22526605.0
2023-09-04 17:11:55,279.17,279.17,26.11,27.05,28.83,43.25,1196.78,22529019.0
2023-09-04 17:11:57,279.17,279.17,26.17,26.93,28.81,43.28,1196.64,22531433.0
2023-09-04 17:12:00,280.0,280.83,26.13,27.09,28.81,43.28,1196.96,22533847.0
2023-09-04 17:12:02,282.5,282.5,26.15,26.97,28.8,43.29,1197.27,22536261.0
2023-09-04 17:12:04,282.5,282.5,26.15,27.03,28.81,43.33,1196.85,22538675.0
2023-09-04 17:12:07,283.33,282.5,26.17,26.99,28.83,43.31,1195.31,22541089.0
2023-09-04 17:12:09,285.0,285.0,26.17,27.05,28.8,43.33,1195.02,22543504.0
2023-09-04 17:12:12,285.0,285.0,26.17,27.03,28.83,43.39,1195.05,22545917.0
2023-09-04 17:12:14,285.83,285.83,26.17,26.99,28.83,43.4,1195.9,22548331.0
2023-09-04 17:12:17,285.0,285.83,26.15,27.03,28.83,43.35,1197.32,22550746.0
2023-09-04 17:12:19,285.0,285.0,26.15,26.95,28.86,43.32,1197.65,22553160.0
2023-09-04 17:12:21,285.0,285.0,26.17,27.07,28.81,43.29,1198.57,22555574.0
2023-09-04 17:12:24,284.17,284.17,26.15,27.01,28.83,43.31,1198.58,22557988.0
2023-09-04 17:12:26,283.33,283.33,26.13,27.07,28.83,43.28,1199.2,22560402.0
2023-09-04 17:12:29,284.17,284.17,26.17,26.99,28.83,43.29,1198.31,22562816.0
2023-09-04 17:12:31,284.17,283.33,26.13,27.05,28.83,43.31,1198.43,22565230.0
2023-09-04 17:12:33,284.17,285.0,26.15,27.03,28.83,43.35,1198.55,22567644.0
2023-09-04 17:12:36,282.5,283.33,26.13,26.95,28.83,43.35,1198.63,22570058.0
2023-09-04 17:12:38,282.5,282.5,26.15,26.97,28.84,43.31,1198.96,22572473.0
2023-09-04 17:12:41,283.33,283.33,26.17,27.05,28.83,43.29,1198.26,22574887.0
2023-09-04 17:12:43,282.5,282.5,26.13,26.99,28.84,43.28,1199.01,22577301.0
2023-09-04 17:12:46,281.67,281.67,26.15,27.03,28.81,43.25,1199.25,22579715.0
2023-09-04 17:12:48,266.67,267.5,26.13,26.99,28.83,43.26,1198.67,22582129.0
2023-09-04 17:12:50,273.33,273.33,26.13,27.01,28.84,43.26,1197.91,22584543.0
2023-09-04 17:12:53,275.0,275.0,26.11,27.01,28.86,43.24,1198.18,22586957.0
2023-09-04 17:12:55,273.33,273.33,26.11,27.09,28.84,43.24,1198.2,22589371.0
2023-09-04 17:12:58,275.0,275.0,26.11,27.01,28.83,43.23,1197.49,22591785.0
2023-09-04 17:13:00,274.17,274.17,26.11,27.01,28.84,43.21,1197.12,22594200.0
2023-09-04 17:13:02,274.17,274.17,26.17,27.13,28.84,43.26,1197.57,22596614.0
2023-09-04 17:13:05,274.17,274.17,26.13,27.01,28.83,43.28,1197.69,22599028.0
2023-09-04 17:13:07,273.33,273.33,26.11,27.01,28.84,43.31,1198.15,22601442.0
2023-09-04 17:13:10,270.83,270.83,26.13,27.01,28.84,43.33,1196.36,22603856.0
2023-09-04 17:13:12,273.33,272.5,26.13,27.01,28.83,43.28,1195.87,22606270.0
2023-09-04 17:13:14,273.33,273.33,26.17,27.07,28.84,43.29,1195.81,22608685.0
2023-09-04 17:13:17,272.5,272.5,26.13,26.99,28.83,43.31,1196.29,22611098.0
2023-09-04 17:13:19,272.5,272.5,26.13,27.11,28.81,43.28,1195.12,22613513.0
2023-09-04 17:13:22,272.5,272.5,26.13,27.13,28.86,43.35,1196.21,22615927.0
2023-09-04 17:13:24,272.5,272.5,26.13,27.11,28.84,43.32,1196.45,22618341.0
2023-09-04 17:13:27,273.33,273.33,26.15,27.05,28.83,43.32,1196.15,22620755.0
2023-09-04 17:13:29,271.67,271.67,26.15,27.05,28.83,43.31,1196.46,22623169.0
2023-09-04 17:13:31,269.17,269.17,26.15,27.03,28.83,43.31,1196.88,22625584.0
2023-09-04 17:13:34,269.17,269.17,26.15,27.03,28.83,43.23,1196.69,22627997.0
2023-09-04 17:13:36,270.83,270.83,26.13,27.05,28.81,43.28,1196.25,22630411.0
2023-09-04 17:13:39,272.5,272.5,26.13,27.03,28.81,43.29,1196.64,22632825.0
2023-09-04 17:13:41,271.67,271.67,26.13,26.95,28.83,43.29,1197.01,22635239.0
2023-09-04 17:13:43,271.67,271.67,26.09,27.05,28.83,43.31,1196.81,22637654.0
2023-09-04 17:13:46,275.0,275.0,26.09,26.99,28.81,43.3,1196.7,22640068.0
2023-09-04 17:13:48,274.17,274.17,26.09,27.03,28.83,43.32,1196.96,22642482.0
2023-09-04 17:13:51,273.33,273.33,26.11,27.03,28.84,43.32,1197.37,22644896.0
2023-09-04 17:13:53,274.17,275.0,26.09,27.01,28.83,43.29,1198.09,22647310.0
2023-09-04 17:13:55,270.83,270.83,26.15,27.03,28.83,43.35,1198.7,22649724.0
2023-09-04 17:13:58,272.5,271.67,26.17,27.01,28.8,43.36,1198.73,22652138.0
2023-09-04 17:14:00,272.5,272.5,26.13,27.03,28.83,43.46,1198.46,22654552.0
2023-09-04 17:14:03,271.67,271.67,26.13,27.05,28.84,43.42,1197.7,22656967.0
2023-09-04 17:14:05,272.5,272.5,26.11,27.01,28.83,43.36,1197.76,22659380.0
2023-09-04 17:14:08,274.17,274.17,26.11,26.97,28.84,43.39,1198.5,22661794.0
2023-09-04 17:14:10,273.33,273.33,26.09,27.07,28.81,43.36,1198.82,22664209.0
2023-09-04 17:14:12,273.33,273.33,26.13,26.99,28.83,43.36,1198.29,22666623.0
2023-09-04 17:14:15,273.33,273.33,26.15,27.07,28.84,43.4,1198.0,22669037.0
2023-09-04 17:14:17,271.67,271.67,26.15,27.01,28.81,43.37,1197.92,22671451.0
2023-09-04 17:14:20,273.33,273.33,26.17,27.09,28.84,43.43,1197.95,22673865.0
2023-09-04 17:14:22,273.33,273.33,26.13,27.03,28.84,43.35,1198.86,22676279.0
2023-09-04 17:14:24,273.33,273.33,26.13,27.07,28.84,43.35,1198.96,22678693.0
2023-09-04 17:14:27,274.17,274.17,26.11,26.93,28.83,43.35,1198.32,22681107.0
2023-09-04 17:14:29,274.17,274.17,26.13,26.97,28.81,43.34,1197.81,22683521.0
2023-09-04 17:14:32,274.17,274.17,26.13,26.99,28.84,43.33,1197.56,22685936.0
2023-09-04 17:14:34,273.33,273.33,26.13,27.03,28.83,43.32,1196.95,22688350.0
2023-09-04 17:14:36,270.83,270.83,26.15,27.03,28.83,43.32,1196.31,22690764.0
2023-09-04 17:14:39,270.83,270.83,26.09,26.97,28.86,43.35,1196.07,22693178.0
2023-09-04 17:14:41,271.67,271.67,26.13,27.05,28.83,43.36,1195.09,22695592.0
2023-09-04 17:14:44,268.33,268.33,26.15,27.07,28.83,43.33,1195.1,22698006.0
2023-09-04 17:14:46,273.33,273.33,26.09,27.07,28.84,43.38,1195.05,22700420.0
2023-09-04 17:14:49,270.0,270.0,26.15,27.01,28.84,43.35,1195.69,22702834.0
2023-09-04 17:14:51,268.33,269.17,26.13,27.11,28.83,43.35,1197.83,22705248.0
2023-09-04 17:14:53,271.67,271.67,26.11,27.03,28.84,43.38,1199.19,22707663.0
2023-09-04 17:14:56,265.0,265.0,26.13,27.03,28.83,43.31,1200.03,22710077.0
2023-09-04 17:14:58,267.5,267.5,26.11,26.99,28.83,43.35,1199.33,22712490.0
2023-09-04 17:15:01,271.67,271.67,26.15,27.09,28.83,43.36,1199.36,22714904.0
2023-09-04 17:15:03,272.5,272.5,26.13,27.01,28.84,43.31,1199.83,22717319.0
2023-09-04 17:15:05,272.5,271.67,26.17,27.11,28.84,43.31,1200.6,22719733.0
2023-09-04 17:15:08,272.5,272.5,26.11,27.01,28.84,43.28,1201.36,22722147.0
2023-09-04 17:15:10,272.5,272.5,26.13,27.03,28.84,43.31,1200.92,22724561.0
2023-09-04 17:15:13,272.5,272.5,26.11,27.03,28.84,43.26,1199.23,22726975.0
2023-09-04 17:15:15,272.5,272.5,26.15,26.89,28.84,43.31,1199.53,22729390.0
2023-09-04 17:15:18,271.67,271.67,26.13,27.01,28.83,43.28,1201.04,22731803.0
2023-09-04 17:15:20,271.67,271.67,26.13,27.09,28.84,43.36,1201.43,22734217.0
2023-09-04 17:15:22,271.67,271.67,26.13,27.03,28.83,43.33,1201.66,22736632.0
2023-09-04 17:15:25,270.83,270.83,26.13,27.07,28.86,43.29,1202.54,22739046.0
2023-09-04 17:15:27,270.83,270.83,26.15,27.05,28.83,43.26,1203.82,22741460.0
2023-09-04 17:15:30,271.67,271.67,26.13,27.03,28.84,43.31,1205.23,22743873.0
2023-09-04 17:15:32,271.67,271.67,26.13,27.07,28.84,43.24,1204.98,22746287.0
2023-09-04 17:15:34,270.83,270.83,26.15,27.03,28.84,43.33,1204.52,22748702.0
2023-09-04 17:15:37,270.83,270.83,26.13,27.05,28.84,43.29,1203.71,22751116.0
2023-09-04 17:15:39,271.67,271.67,26.15,27.05,28.86,43.31,1203.26,22753530.0
2023-09-04 17:15:42,271.67,271.67,26.15,27.11,28.86,43.33,1203.13,22755944.0
2023-09-04 17:15:44,271.67,271.67,26.13,27.07,28.83,43.29,1203.35,22758358.0
2023-09-04 17:15:46,271.67,271.67,26.17,27.03,28.83,43.28,1203.49,22760772.0
2023-09-04 17:15:49,270.0,270.0,26.11,26.99,28.84,43.28,1203.42,22763186.0
2023-09-04 17:15:51,279.17,279.17,26.17,27.15,28.87,43.25,1204.13,22765600.0
2023-09-04 17:15:54,280.0,280.0,26.15,26.99,28.86,43.25,1204.43,22768015.0
2023-09-04 17:15:56,280.0,280.0,26.15,27.11,28.86,43.27,1205.84,22770429.0
2023-09-04 17:15:59,280.0,280.0,26.15,26.97,28.86,43.27,1205.84,22772843.0
2023-09-04 17:16:01,280.0,280.0,26.15,27.09,28.83,43.25,1205.52,22775256.0
2023-09-04 17:16:03,280.0,280.0,26.15,26.99,28.84,43.25,1205.07,22777671.0
2023-09-04 17:16:06,276.67,276.67,26.15,27.03,28.84,43.32,1204.53,22780085.0
2023-09-04 17:16:08,270.83,270.83,26.11,26.95,28.83,43.22,1204.21,22782499.0
2023-09-04 17:16:11,270.0,274.17,26.17,27.13,28.86,43.22,1204.27,22784913.0
2023-09-04 17:16:13,275.83,276.67,26.15,26.95,28.83,43.26,1204.33,22787327.0
2023-09-04 17:16:15,275.83,275.83,26.13,27.13,28.84,43.25,1205.17,22789741.0
2023-09-04 17:16:18,275.83,275.83,26.15,27.11,28.84,43.21,1205.69,22792156.0
2023-09-04 17:16:20,278.33,278.33,26.17,27.11,28.84,43.17,1205.98,22794569.0
2023-09-04 17:16:23,278.33,278.33,26.15,27.03,28.83,43.18,1205.83,22796983.0
2023-09-04 17:16:25,278.33,278.33,26.17,27.11,28.84,43.11,1205.98,22799398.0
2023-09-04 17:16:27,278.33,278.33,26.17,27.13,28.84,43.18,1206.84,22801812.0
2023-09-04 17:16:30,278.33,279.17,26.13,27.11,28.84,43.15,1207.23,22804226.0
2023-09-04 17:16:32,271.67,270.83,26.13,27.01,28.84,43.15,1206.61,22806640.0
2023-09-04 17:16:35,270.83,271.67,26.15,27.05,28.86,43.15,1206.26,22809054.0
2023-09-04 17:16:37,270.83,270.83,26.13,27.03,28.86,43.17,1206.54,22811469.0
2023-09-04 17:16:40,278.33,278.33,26.11,27.01,28.84,43.15,1206.43,22813883.0
2023-09-04 17:16:42,278.33,278.33,26.15,27.15,28.84,43.15,1206.22,22816297.0
2023-09-04 17:16:44,279.17,279.17,26.15,27.07,28.86,43.15,1206.29,22818711.0
2023-09-04 17:16:47,279.17,279.17,26.15,27.07,28.84,43.1,1206.16,22821125.0
2023-09-04 17:16:49,279.17,279.17,26.17,27.09,28.86,43.09,1206.68,22823539.0
2023-09-04 17:16:52,279.17,279.17,26.13,27.01,28.86,43.09,1207.3,22825953.0
2023-09-04 17:16:54,279.17,280.0,26.15,27.07,28.86,43.1,1207.54,22828367.0
2023-09-04 17:16:56,279.17,280.0,26.09,27.13,28.86,43.11,1208.43,22830781.0
2023-09-04 17:16:59,279.17,279.17,26.09,27.11,28.81,43.08,1208.58,22833195.0
2023-09-04 17:17:01,279.17,279.17,26.07,27.05,28.86,43.11,1209.29,22835609.0
2023-09-04 17:17:04,279.17,279.17,26.09,27.11,28.84,43.11,1209.14,22838023.0
2023-09-04 17:17:06,279.17,279.17,26.09,27.13,28.86,43.15,1208.96,22840438.0
2023-09-04 17:17:08,279.17,279.17,26.07,27.01,28.86,43.18,1208.71,22842852.0
2023-09-04 17:17:11,279.17,279.17,26.09,27.07,28.86,43.18,1208.67,22845266.0
2023-09-04 17:17:13,279.17,279.17,26.09,27.13,28.86,43.18,1208.01,22847680.0
2023-09-04 17:17:16,279.17,279.17,26.11,27.11,28.86,43.15,1208.72,22850094.0
2023-09-04 17:17:18,279.17,279.17,26.05,27.03,28.84,43.18,1208.47,22852508.0
2023-09-04 17:17:21,279.17,279.17,26.07,27.13,28.84,43.2,1208.21,22854922.0
2023-09-04 17:17:23,279.17,279.17,26.05,27.01,28.84,43.18,1208.07,22857336.0
2023-09-04 17:17:25,279.17,278.33,26.07,27.11,28.86,43.1,1208.0,22859750.0
2023-09-04 17:17:28,278.33,278.33,26.07,27.07,28.86,43.14,1208.55,22862164.0
2023-09-04 17:17:30,278.33,278.33,26.09,27.07,28.86,43.22,1208.41,22864579.0
2023-09-04 17:17:33,278.33,278.33,26.07,27.07,28.84,43.15,1208.1,22866993.0
2023-09-04 17:17:35,278.33,278.33,26.07,27.05,28.86,43.14,1207.89,22869407.0
2023-09-04 17:17:37,278.33,278.33,26.09,27.11,28.86,43.13,1208.04,22871821.0
2023-09-04 17:17:40,278.33,278.33,26.07,27.07,28.86,43.14,1207.6,22874235.0
2023-09-04 17:17:42,277.5,277.5,26.07,27.07,28.86,43.15,1207.24,22876649.0
2023-09-04 17:17:45,277.5,277.5,26.07,27.17,28.83,43.12,1206.88,22879063.0
2023-09-04 17:17:47,277.5,278.33,26.11,27.13,28.84,43.12,1205.66,22881477.0
2023-09-04 17:17:50,277.5,277.5,26.09,27.07,28.84,43.11,1205.11,22883892.0
2023-09-04 17:17:52,277.5,277.5,26.05,27.11,28.87,43.1,1204.9,22886305.0
2023-09-04 17:17:54,277.5,277.5,26.05,27.09,28.86,43.07,1204.47,22888719.0
2023-09-04 17:17:57,277.5,277.5,26.05,27.07,28.86,43.11,1204.04,22891134.0
2023-09-04 17:17:59,276.67,275.83,26.07,27.11,28.84,43.11,1203.66,22893548.0
2023-09-04 17:18:02,274.17,274.17,26.03,27.17,28.89,43.09,1203.35,22895962.0
2023-09-04 17:18:04,273.33,273.33,26.03,27.13,28.86,43.06,1202.92,22898376.0
2023-09-04 17:18:06,272.5,272.5,26.05,27.09,28.84,43.04,1202.67,22900790.0
2023-09-04 17:18:09,273.33,273.33,26.03,27.09,28.89,43.13,1202.94,22903204.0
2023-09-04 17:18:11,273.33,273.33,26.05,27.03,28.87,43.14,1203.0,22905618.0
2023-09-04 17:18:14,273.33,273.33,26.03,27.09,28.84,43.17,1202.41,22908032.0
2023-09-04 17:18:16,272.5,272.5,26.07,27.07,28.9,43.16,1202.73,22910446.0
2023-09-04 17:18:18,271.67,271.67,26.09,27.09,28.86,43.03,1203.48,22912860.0
2023-09-04 17:18:21,271.67,271.67,26.05,27.13,28.89,42.96,1203.46,22915275.0
2023-09-04 17:18:23,271.67,271.67,26.07,27.15,28.87,43.0,1203.44,22917689.0
2023-09-04 17:18:26,271.67,271.67,26.07,27.09,28.9,43.01,1203.92,22920102.0
2023-09-04 17:18:28,271.67,271.67,26.05,27.07,28.87,42.95,1204.2,22922517.0
2023-09-04 17:18:31,271.67,271.67,26.05,27.23,28.86,42.95,1203.99,22924931.0
2023-09-04 17:18:33,271.67,271.67,26.05,27.11,28.86,42.99,1204.24,22927345.0
2023-09-04 17:18:35,270.83,270.83,26.05,27.09,28.87,42.98,1204.64,22929759.0
2023-09-04 17:18:38,270.83,270.83,26.05,27.03,28.87,42.99,1204.53,22932173.0
2023-09-04 17:18:40,270.83,270.0,26.07,27.09,28.87,43.02,1204.64,22934588.0
2023-09-04 17:18:43,270.0,270.0,26.07,27.11,28.86,43.0,1204.51,22937002.0
2023-09-04 17:18:45,270.0,270.0,26.07,27.03,28.86,43.0,1204.35,22939415.0
2023-09-04 17:18:47,270.0,270.0,26.07,27.07,28.84,43.03,1204.6,22941829.0
2023-09-04 17:18:50,270.0,270.0,26.07,27.11,28.86,43.07,1204.78,22944244.0
2023-09-04 17:18:52,270.0,270.0,26.05,27.07,28.86,43.07,1204.47,22946658.0
2023-09-04 17:18:55,270.0,270.0,26.07,27.01,28.87,43.09,1204.66,22949072.0
2023-09-04 17:18:57,269.17,269.17,26.07,27.11,28.87,43.03,1204.58,22951486.0
2023-09-04 17:18:59,270.0,270.0,26.07,27.03,28.87,43.05,1204.0,22953900.0
2023-09-04 17:19:02,269.17,269.17,26.07,27.13,28.84,42.99,1203.98,22956314.0
2023-09-04 17:19:04,269.17,269.17,26.07,27.09,28.89,43.06,1204.84,22958728.0
2023-09-04 17:19:07,260.83,260.83,26.07,27.13,28.89,43.03,1205.07,22961142.0
2023-09-04 17:19:09,255.0,254.17,26.11,27.07,28.87,42.99,1205.19,22963556.0
2023-09-04 17:19:12,253.33,253.33,26.09,27.15,28.87,43.05,1205.29,22965971.0
2023-09-04 17:19:14,253.33,253.33,26.07,27.07,28.87,43.02,1205.44,22968385.0
2023-09-04 17:19:16,253.33,253.33,26.09,27.07,28.87,43.03,1204.6,22970799.0
2023-09-04 17:19:19,254.17,254.17,26.07,27.09,28.89,43.0,1205.39,22973213.0
2023-09-04 17:19:21,253.33,253.33,26.11,27.13,28.89,43.02,1205.73,22975627.0
2023-09-04 17:19:24,253.33,253.33,26.09,27.07,28.9,42.97,1206.15,22978041.0
2023-09-04 17:19:26,253.33,253.33,26.11,27.07,28.86,42.95,1205.47,22980455.0
2023-09-04 17:19:28,253.33,253.33,26.11,27.05,28.89,42.91,1205.24,22982869.0
2023-09-04 17:19:31,252.5,252.5,26.09,27.09,28.87,42.9,1205.93,22985284.0
2023-09-04 17:19:33,253.33,252.5,26.11,27.01,28.89,42.92,1206.1,22987698.0
2023-09-04 17:19:36,252.5,252.5,26.13,27.15,28.86,42.95,1206.19,22990112.0
2023-09-04 17:19:38,253.33,253.33,26.13,27.07,28.87,42.94,1205.82,22992526.0
2023-09-04 17:19:40,253.33,253.33,26.11,27.13,28.87,42.96,1206.07,22994940.0
2023-09-04 17:19:43,252.5,253.33,26.13,27.09,28.87,42.98,1206.11,22997354.0
2023-09-04 17:19:45,259.17,259.17,26.15,27.11,28.86,42.99,1206.23,22999768.0
2023-09-04 17:19:48,260.0,260.0,26.15,27.19,28.89,42.99,1205.93,23002182.0
2023-09-04 17:19:50,270.83,270.83,26.15,27.11,28.9,42.92,1205.55,23004596.0
2023-09-04 17:19:53,265.0,267.5,26.15,27.19,28.87,42.87,1205.27,23007011.0
2023-09-04 17:19:55,255.83,255.83,26.13,27.17,28.87,42.87,1205.58,23009425.0
2023-09-04 17:19:57,255.83,255.83,26.09,27.05,28.89,42.83,1205.98,23011838.0
2023-09-04 17:20:00,255.83,255.83,26.15,27.07,28.87,42.87,1205.83,23014252.0
2023-09-04 17:20:02,255.83,255.83,26.13,27.17,28.87,42.85,1206.23,23016667.0
2023-09-04 17:20:05,258.33,259.17,26.13,27.03,28.87,42.84,1206.98,23019081.0
2023-09-04 17:20:07,263.33,263.33,26.09,27.07,28.89,42.81,1206.64,23021495.0
2023-09-04 17:20:09,263.33,263.33,26.09,27.03,28.87,42.85,1206.56,23023909.0
2023-09-04 17:20:12,263.33,263.33,26.11,27.03,28.89,42.84,1206.44,23026323.0
2023-09-04 17:20:14,263.33,263.33,26.11,27.13,28.89,42.79,1206.84,23028737.0
2023-09-04 17:20:17,263.33,263.33,26.15,27.17,28.87,42.81,1207.29,23031151.0
2023-09-04 17:20:19,257.5,257.5,26.11,27.01,28.87,42.79,1207.56,23033565.0
2023-09-04 17:20:22,264.17,265.0,26.11,27.15,28.89,42.78,1207.24,23035980.0
2023-09-04 17:20:24,269.17,268.33,26.11,27.13,28.9,42.78,1207.25,23038394.0
2023-09-04 17:20:26,268.33,269.17,26.11,27.15,28.9,42.76,1206.87,23040808.0
2023-09-04 17:20:29,269.17,269.17,26.09,27.11,28.87,42.79,1206.75,23043222.0
2023-09-04 17:20:31,269.17,269.17,26.09,27.07,28.9,42.83,1207.41,23045636.0
2023-09-04 17:20:34,270.0,270.0,26.13,27.15,28.89,42.84,1207.19,23048050.0
2023-09-04 17:20:36,270.0,270.0,26.11,27.13,28.89,42.78,1207.47,23050464.0
2023-09-04 17:20:38,269.17,269.17,26.09,27.07,28.86,42.81,1207.52,23052878.0
2023-09-04 17:20:41,269.17,269.17,26.11,27.03,28.89,42.88,1207.71,23055292.0
2023-09-04 17:20:43,270.0,270.0,26.09,27.11,28.9,42.88,1207.53,23057706.0
2023-09-04 17:20:46,270.0,270.0,26.11,27.07,28.9,42.91,1206.64,23060120.0
2023-09-04 17:20:48,270.0,270.0,26.09,27.05,28.89,42.92,1206.72,23062534.0
2023-09-04 17:20:50,270.0,270.0,26.13,27.07,28.9,42.85,1206.4,23064948.0
2023-09-04 17:20:53,270.0,270.0,26.11,27.07,28.89,42.87,1207.23,23067362.0
2023-09-04 17:20:55,270.0,270.0,26.09,27.17,28.89,42.87,1207.14,23069777.0
2023-09-04 17:20:58,270.83,270.0,26.13,27.03,28.9,42.88,1207.87,23072191.0
2023-09-04 17:21:00,270.83,270.83,26.13,27.11,28.89,42.81,1207.8,23074605.0
2023-09-04 17:21:03,270.83,270.83,26.11,27.11,28.89,42.83,1208.42,23077019.0
2023-09-04 17:21:05,270.83,270.83,26.11,27.17,28.89,42.77,1208.25,23079433.0
2023-09-04 17:21:07,270.83,270.83,26.07,27.09,28.91,42.79,1208.52,23081847.0
2023-09-04 17:21:10,270.83,270.83,26.07,27.05,28.9,42.76,1208.44,23084261.0
2023-09-04 17:21:12,270.83,270.83,26.07,27.05,28.89,42.74,1208.88,23086675.0
2023-09-04 17:21:15,270.83,271.67,26.09,27.19,28.87,42.77,1209.08,23089090.0
2023-09-04 17:21:17,270.83,270.83,26.09,27.09,28.89,42.77,1208.92,23091504.0
2023-09-04 17:21:19,270.83,270.83,26.09,27.15,28.9,42.74,1209.04,23093918.0
2023-09-04 17:21:22,271.67,270.83,26.09,27.17,28.91,42.76,1209.24,23096331.0
2023-09-04 17:21:24,270.83,271.67,26.07,27.13,28.9,42.69,1207.9,23098746.0
2023-09-04 17:21:27,271.67,271.67,26.07,27.13,28.91,42.73,1208.16,23101160.0
2023-09-04 17:21:29,271.67,271.67,26.07,27.09,28.9,42.7,1208.29,23103574.0
2023-09-04 17:21:31,270.83,271.67,26.07,27.11,28.9,42.7,1208.64,23105988.0
2023-09-04 17:21:34,266.67,265.0,26.07,27.09,28.89,42.7,1209.05,23108402.0
2023-09-04 17:21:36,269.17,269.17,26.07,27.15,28.9,42.74,1209.6,23110816.0
2023-09-04 17:21:39,266.67,266.67,26.11,27.13,28.9,42.76,1210.03,23113230.0
2023-09-04 17:21:41,265.0,265.0,26.07,27.07,28.91,42.74,1210.47,23115644.0
2023-09-04 17:21:44,265.0,265.0,26.11,27.17,28.9,42.83,1210.28,23118058.0
2023-09-04 17:21:46,265.0,264.17,26.07,27.09,28.89,42.81,1209.98,23120473.0
2023-09-04 17:21:48,262.5,263.33,26.09,27.13,28.9,42.81,1210.14,23122887.0
2023-09-04 17:21:51,265.0,265.0,26.07,27.11,28.87,42.89,1209.91,23125301.0
2023-09-04 17:21:53,267.5,268.33,26.07,27.17,28.9,42.92,1210.22,23127715.0
2023-09-04 17:21:56,269.17,268.33,26.11,27.05,28.9,42.91,1209.54,23130129.0
2023-09-04 17:21:58,268.33,268.33,26.09,27.09,28.9,42.8,1209.25,23132543.0
2023-09-04 17:22:00,268.33,269.17,26.07,27.09,28.9,42.84,1209.19,23134957.0
2023-09-04 17:22:03,269.17,269.17,26.11,27.15,28.9,42.85,1209.2,23137371.0
2023-09-04 17:22:05,269.17,269.17,26.07,27.05,28.9,42.77,1210.12,23139785.0
2023-09-04 17:22:08,267.5,268.33,26.09,27.11,28.9,42.74,1210.42,23142199.0
2023-09-04 17:22:10,269.17,269.17,26.09,27.15,28.9,42.7,1211.07,23144613.0
2023-09-04 17:22:12,269.17,268.33,26.09,27.07,28.91,42.77,1212.18,23147027.0
2023-09-04 17:22:15,270.0,270.0,26.11,27.15,28.9,42.7,1212.82,23149442.0
2023-09-04 17:22:17,269.17,269.17,26.11,27.17,28.89,42.67,1213.37,23151856.0
2023-09-04 17:22:20,269.17,269.17,26.09,27.13,28.9,42.69,1213.18,23154270.0
2023-09-04 17:22:22,269.17,269.17,26.11,27.19,28.9,42.7,1213.19,23156684.0
2023-09-04 17:22:25,270.0,270.0,26.11,27.15,28.89,42.7,1213.08,23159098.0
2023-09-04 17:22:27,269.17,269.17,26.09,27.13,28.89,42.75,1213.11,23161512.0
2023-09-04 17:22:29,261.67,261.67,26.09,27.21,28.91,42.74,1213.21,23163926.0
2023-09-04 17:22:32,266.67,266.67,26.07,27.15,28.9,42.78,1213.39,23166340.0
2023-09-04 17:22:34,266.67,266.67,26.13,27.15,28.91,42.76,1212.87,23168754.0
2023-09-04 17:22:37,267.5,267.5,26.11,27.05,28.91,42.8,1213.43,23171169.0
2023-09-04 17:22:39,266.67,266.67,26.11,27.13,28.9,42.8,1214.03,23173583.0
