Time,Amb,Obj,Temp,Humid,CO2,Elapsed,LightTop,LightFront
.0,640.0,23.33
2023-11-22 16:56:15,21.99,20.73,25.45,31.9,1253.36,5808444.0,640.0,23.33
2023-11-22 16:56:17,21.99,20.69,25.46,31.93,1253.51,5810444.0,640.0,23.33
2023-11-22 16:56:19,22.01,20.69,25.45,31.93,1252.75,5812444.0,640.0,23.33
2023-11-22 16:56:21,21.97,20.73,25.45,31.94,1252.75,5814444.0,640.0,23.33
2023-11-22 16:56:23,21.99,20.71,25.46,31.87,1252.74,5816444.0,640.0,23.33
2023-11-22 16:56:25,21.99,20.69,25.45,31.9,1252.57,5818444.0,640.0,23.33
2023-11-22 16:56:27,22.01,20.71,25.48,31.9,1252.74,5820444.0,640.0,23.33
2023-11-22 16:56:29,21.99,20.69,25.48,31.87,1252.96,5822444.0,640.0,23.33
2023-11-22 16:56:31,21.97,20.73,25.48,31.9,1252.37,5824444.0,640.0,23.33
2023-11-22 16:56:33,22.01,20.75,25.49,31.87,1252.21,5826444.0,640.0,23.33
2023-11-22 16:56:35,21.99,20.77,25.49,31.95,1252.48,5828444.0,640.0,23.33
2023-11-22 16:56:37,22.01,20.67,25.49,31.92,1252.71,5830444.0,640.0,23.33
2023-11-22 16:56:39,21.99,20.73,25.52,31.95,1253.09,5832444.0,640.0,23.33
2023-11-22 16:56:41,22.01,20.67,25.5,31.92,1253.22,5834444.0,640.0,23.33
2023-11-22 16:56:43,22.01,20.77,25.5,31.92,1253.85,5836444.0,640.0,23.33
2023-11-22 16:56:45,21.97,20.75,25.5,31.98,1254.13,5838444.0,640.0,23.33
2023-11-22 16:56:47,21.99,20.71,25.48,31.96,1254.0,5840444.0,643.33,23.33
2023-11-22 16:56:49,22.01,20.73,25.48,31.93,1254.06,5842444.0,640.0,23.33
2023-11-22 16:56:51,22.01,20.67,25.49,32.02,1253.92,5844444.0,640.0,23.33
2023-11-22 16:56:53,22.01,20.67,25.5,31.99,1253.71,5846444.0,640.0,23.33
2023-11-22 16:56:55,22.01,20.69,25.52,31.95,1253.8,5848444.0,640.0,23.33
2023-11-22 16:56:57,22.01,20.67,25.52,31.95,1253.94,5850444.0,640.0,23.33
2023-11-22 16:56:59,22.01,20.71,25.5,31.99,1254.37,5852444.0,643.33,23.33
2023-11-22 16:57:01,22.01,20.73,25.52,31.96,1255.24,5854444.0,640.0,23.33
2023-11-22 16:57:03,21.99,20.73,25.53,31.94,1256.49,5856444.0,640.0,23.33
2023-11-22 16:57:05,22.01,20.69,25.52,31.89,1256.45,5858444.0,640.0,23.33
2023-11-22 16:57:07,21.99,20.67,25.52,31.89,1256.71,5860444.0,640.0,23.33
2023-11-22 16:57:09,21.99,20.71,25.5,31.84,1256.64,5862444.0,640.0,23.33
2023-11-22 16:57:11,22.01,20.71,25.53,31.88,1256.6,5864444.0,640.0,23.33
2023-11-22 16:57:13,22.01,20.73,25.52,31.84,1256.54,5866444.0,640.0,23.33
2023-11-22 16:57:15,22.01,20.71,25.53,31.83,1256.44,5868444.0,643.33,23.33
2023-11-22 16:57:17,21.99,20.63,25.53,31.83,1256.75,5870444.0,640.0,23.33
2023-11-22 16:57:19,22.01,20.71,25.48,31.86,1256.69,5872444.0,640.0,23.33
2023-11-22 16:57:21,21.99,20.73,25.53,31.88,1256.16,5874444.0,640.0,23.33
2023-11-22 16:57:23,22.01,20.81,25.5,31.89,1255.99,5876444.0,640.0,23.33
2023-11-22 16:57:25,22.01,20.67,25.5,31.87,1255.68,5878444.0,640.0,23.33
2023-11-22 16:57:27,22.05,20.71,25.53,31.86,1255.33,5880444.0,640.0,23.33
2023-11-22 16:57:29,22.05,20.79,25.5,31.9,1255.26,5882444.0,640.0,23.33
2023-11-22 16:57:31,22.01,20.73,25.5,31.95,1255.37,5884444.0,640.0,23.33
2023-11-22 16:57:33,21.99,20.71,25.53,31.92,1255.42,5886444.0,640.0,23.33
2023-11-22 16:57:35,21.99,20.73,25.52,31.87,1255.87,5888444.0,640.0,23.33
2023-11-22 16:57:37,22.01,20.83,25.52,31.84,1256.49,5890444.0,640.0,23.33
2023-11-22 16:57:39,22.01,20.67,25.53,31.85,1256.46,5892444.0,640.0,23.33
2023-11-22 16:57:41,22.03,20.77,25.5,31.78,1256.37,5894444.0,640.0,23.33
2023-11-22 16:57:43,22.01,20.77,25.53,31.74,1256.66,5896444.0,640.0,23.33
2023-11-22 16:57:45,22.01,20.73,25.53,31.74,1256.25,5898444.0,640.0,23.33
2023-11-22 16:57:47,22.01,20.67,25.52,31.74,1256.43,5900444.0,640.0,23.33
2023-11-22 16:57:49,22.01,20.71,25.56,31.72,1256.18,5902444.0,640.0,23.33
2023-11-22 16:57:51,22.01,20.65,25.56,31.64,1256.43,5904444.0,640.0,23.33
2023-11-22 16:57:53,22.01,20.67,25.53,31.61,1255.99,5906444.0,640.0,23.33
2023-11-22 16:57:55,21.99,20.69,25.56,31.62,1256.38,5908444.0,640.0,23.33
2023-11-22 16:57:57,22.01,20.65,25.53,31.65,1256.36,5910444.0,640.0,23.33
2023-11-22 16:57:59,22.01,20.73,25.53,31.68,1256.59,5912444.0,636.67,23.33
2023-11-22 16:58:01,22.01,20.69,25.53,31.76,1256.41,5914444.0,640.0,23.33
2023-11-22 16:58:03,21.99,20.67,25.5,31.76,1256.7,5916444.0,640.0,23.33
2023-11-22 16:58:05,22.01,20.79,25.5,31.77,1256.43,5918444.0,640.0,23.33
2023-11-22 16:58:07,22.01,20.71,25.53,31.74,1256.19,5920444.0,640.0,23.33
2023-11-22 16:58:09,22.01,20.69,25.53,31.65,1255.83,5922444.0,640.0,23.33
2023-11-22 16:58:11,22.01,20.71,25.53,31.71,1255.75,5924444.0,640.0,23.33
2023-11-22 16:58:13,22.05,20.73,25.53,31.7,1255.71,5926444.0,640.0,23.33
2023-11-22 16:58:15,22.01,20.71,25.52,31.7,1255.04,5928444.0,640.0,23.33
2023-11-22 16:58:17,22.01,20.73,25.52,31.76,1254.82,5930444.0,640.0,23.33
2023-11-22 16:58:19,22.05,20.73,25.53,31.79,1254.22,5932444.0,640.0,23.33
2023-11-22 16:58:21,22.01,20.75,25.52,31.77,1253.67,5934444.0,640.0,23.33
2023-11-22 16:58:23,22.01,20.67,25.52,31.76,1253.36,5936444.0,640.0,23.33
2023-11-22 16:58:25,22.01,20.65,25.53,31.7,1253.46,5938444.0,640.0,23.33
2023-11-22 16:58:27,22.05,20.71,25.52,31.72,1253.01,5940444.0,640.0,23.33
2023-11-22 16:58:29,22.01,20.67,25.52,31.67,1252.58,5942444.0,640.0,23.33
2023-11-22 16:58:31,22.01,20.67,25.52,31.71,1252.33,5944444.0,636.67,23.33
2023-11-22 16:58:33,22.05,20.71,25.49,31.66,1252.47,5946444.0,640.0,23.33
2023-11-22 16:58:35,22.03,20.77,25.53,31.73,1252.64,5948444.0,640.0,23.33
2023-11-22 16:58:37,22.01,20.65,25.54,31.79,1252.72,5950444.0,640.0,23.33
2023-11-22 16:58:39,22.05,20.79,25.52,31.77,1252.77,5952444.0,640.0,23.33
2023-11-22 16:58:41,22.01,20.71,25.52,31.8,1252.24,5954444.0,640.0,23.33
2023-11-22 16:58:43,22.01,20.71,25.53,31.82,1251.48,5956444.0,636.67,23.33
2023-11-22 16:58:45,22.07,20.73,25.52,31.8,1251.57,5958444.0,640.0,23.33
2023-11-22 16:58:47,22.03,20.71,25.52,31.82,1251.35,5960444.0,640.0,23.33
2023-11-22 16:58:49,22.01,20.69,25.52,31.77,1251.45,5962444.0,640.0,23.33
2023-11-22 16:58:51,22.01,20.67,25.52,31.83,1251.38,5964444.0,640.0,23.33
2023-11-22 16:58:53,22.01,20.79,25.53,31.79,1251.65,5966444.0,640.0,23.33
2023-11-22 16:58:55,22.05,20.67,25.52,31.82,1250.99,5968444.0,640.0,23.33
2023-11-22 16:58:57,22.03,20.77,25.53,31.82,1250.93,5970444.0,640.0,23.33
2023-11-22 16:58:59,22.01,20.67,25.53,31.83,1251.16,5972444.0,640.0,23.33
2023-11-22 16:59:01,22.01,20.63,25.53,31.88,1251.3,5974444.0,640.0,23.33
2023-11-22 16:59:03,22.05,20.75,25.53,31.79,1251.52,5976444.0,640.0,23.33
2023-11-22 16:59:05,22.01,20.73,25.53,31.8,1251.44,5978444.0,640.0,23.33
2023-11-22 16:59:07,22.07,20.65,25.53,31.79,1251.17,5980444.0,640.0,23.33
2023-11-22 16:59:09,22.05,20.65,25.52,31.84,1251.49,5982444.0,640.0,23.33
2023-11-22 16:59:11,22.03,20.75,25.53,31.86,1251.26,5984444.0,640.0,23.33
2023-11-22 16:59:13,22.03,20.67,25.56,31.85,1251.69,5986444.0,640.0,23.33
2023-11-22 16:59:15,22.07,20.75,25.53,31.86,1251.33,5988444.0,640.0,23.33
2023-11-22 16:59:17,22.03,20.77,25.56,31.83,1251.78,5990444.0,640.0,23.33
2023-11-22 16:59:19,22.03,20.71,25.54,31.8,1251.91,5992444.0,640.0,23.33
2023-11-22 16:59:21,22.05,20.77,25.56,31.76,1252.14,5994444.0,640.0,23.33
2023-11-22 16:59:23,21.99,20.73,25.54,31.82,1251.32,5996444.0,640.0,23.33
2023-11-22 16:59:25,22.03,20.71,25.54,31.86,1250.8,5998444.0,640.0,23.33
2023-11-22 16:59:27,22.03,20.69,25.54,31.91,1250.92,6000444.0,640.0,23.33
2023-11-22 16:59:29,22.01,20.67,25.53,31.91,1250.96,6002444.0,640.0,23.33
2023-11-22 16:59:31,22.03,20.81,25.53,31.89,1251.23,6004444.0,640.0,23.33
2023-11-22 16:59:33,22.01,20.71,25.54,31.88,1251.89,6006444.0,640.0,23.33
2023-11-22 16:59:35,22.03,20.79,25.54,31.89,1252.55,6008444.0,636.67,23.33
2023-11-22 16:59:37,22.05,20.81,25.56,31.94,1252.3,6010444.0,640.0,23.33
2023-11-22 16:59:39,22.03,20.77,25.56,31.91,1252.25,6012444.0,640.0,23.33
2023-11-22 16:59:41,22.05,20.79,25.54,31.91,1252.84,6014444.0,640.0,23.33
2023-11-22 16:59:43,22.05,20.67,25.56,31.92,1253.97,6016444.0,640.0,23.33
2023-11-22 16:59:45,22.03,20.71,25.53,31.89,1255.03,6018444.0,640.0,23.33
2023-11-22 16:59:47,22.05,20.71,25.56,31.82,1255.61,6020444.0,640.0,23.33
2023-11-22 16:59:49,22.05,20.75,25.57,31.85,1256.14,6022444.0,640.0,23.33
2023-11-22 16:59:51,22.01,20.67,25.56,31.85,1256.82,6024444.0,640.0,23.33
2023-11-22 16:59:53,22.03,20.73,25.57,31.76,1257.32,6026444.0,640.0,23.33
2023-11-22 16:59:55,22.01,20.73,25.57,31.81,1258.85,6028444.0,640.0,23.33
2023-11-22 16:59:57,22.01,20.71,25.54,31.8,1259.32,6030444.0,640.0,23.33
2023-11-22 16:59:59,22.05,20.71,25.57,31.77,1260.39,6032444.0,640.0,23.33
2023-11-22 17:00:01,22.03,20.81,25.56,31.72,1261.37,6034444.0,640.0,23.33
2023-11-22 17:00:03,22.01,20.67,25.54,31.64,1261.65,6036444.0,640.0,23.33
2023-11-22 17:00:05,22.05,20.73,25.57,31.6,1262.6,6038444.0,636.67,23.33
2023-11-22 17:00:07,22.03,20.67,25.57,31.57,1261.96,6040444.0,640.0,23.33
2023-11-22 17:00:09,22.03,20.73,25.57,31.6,1261.8,6042444.0,640.0,23.33
2023-11-22 17:00:11,22.05,20.69,25.57,31.54,1261.84,6044444.0,640.0,23.33
2023-11-22 17:00:13,22.05,20.79,25.56,31.49,1262.01,6046444.0,640.0,23.33
2023-11-22 17:00:15,22.07,20.77,25.57,31.55,1261.79,6048444.0,640.0,23.33
2023-11-22 17:00:17,22.05,20.71,25.56,31.52,1260.71,6050444.0,640.0,23.33
2023-11-22 17:00:19,22.03,20.77,25.57,31.57,1260.06,6052444.0,640.0,23.33
2023-11-22 17:00:21,22.07,20.67,25.57,31.63,1259.73,6054444.0,640.0,23.33
2023-11-22 17:00:23,22.03,20.73,25.6,31.64,1261.51,6056444.0,640.0,23.33
2023-11-22 17:00:25,22.05,20.67,25.6,31.73,1261.72,6058444.0,640.0,23.33
2023-11-22 17:00:27,22.03,20.75,25.6,31.75,1261.4,6060444.0,640.0,23.33
2023-11-22 17:00:29,22.03,20.65,25.59,31.7,1262.51,6062444.0,640.0,23.33
2023-11-22 17:00:31,22.05,20.71,25.57,31.75,1262.51,6064444.0,640.0,23.33
2023-11-22 17:00:33,22.03,20.73,25.59,31.75,1263.12,6066444.0,640.0,23.33
2023-11-22 17:00:35,22.07,20.71,25.6,31.75,1263.19,6068444.0,640.0,23.33
2023-11-22 17:00:37,22.05,20.77,25.59,31.75,1263.13,6070444.0,640.0,23.33
2023-11-22 17:00:39,22.05,20.81,25.62,31.73,1264.02,6072444.0,640.0,23.33
2023-11-22 17:00:41,22.07,20.65,25.62,31.75,1265.22,6074444.0,640.0,23.33
2023-11-22 17:00:43,22.07,20.65,25.62,31.73,1266.21,6076444.0,640.0,23.33
2023-11-22 17:00:45,22.09,20.77,25.62,31.78,1268.1,6078444.0,640.0,23.33
2023-11-22 17:00:47,22.03,20.73,25.6,31.81,1269.86,6080444.0,640.0,23.33
2023-11-22 17:00:49,22.07,20.73,25.62,31.78,1272.43,6082444.0,640.0,23.33
2023-11-22 17:00:51,22.05,20.71,25.63,31.81,1274.21,6084444.0,640.0,23.33
2023-11-22 17:00:53,22.05,20.63,25.6,31.73,1275.12,6086444.0,640.0,23.33
2023-11-22 17:00:55,22.07,20.81,25.62,31.78,1276.05,6088444.0,640.0,23.33
2023-11-22 17:00:57,22.07,20.75,25.62,31.75,1277.65,6090444.0,640.0,23.33
2023-11-22 17:00:59,22.09,20.73,25.62,31.76,1278.8,6092444.0,640.0,23.33
2023-11-22 17:01:01,22.05,20.73,25.62,31.66,1280.72,6094444.0,640.0,23.33
2023-11-22 17:01:03,22.07,20.69,25.62,31.66,1280.01,6096444.0,640.0,23.33
2023-11-22 17:01:05,22.07,20.73,25.63,31.61,1279.05,6098444.0,640.0,23.33
2023-11-22 17:01:07,22.09,20.75,25.6,31.55,1279.72,6100444.0,640.0,23.33
2023-11-22 17:01:09,22.07,20.79,25.59,31.51,1280.08,6102444.0,640.0,23.33
2023-11-22 17:01:11,22.07,20.79,25.63,31.47,1279.35,6104444.0,640.0,23.33
2023-11-22 17:01:13,22.07,20.75,25.6,31.49,1279.53,6106444.0,640.0,23.33
2023-11-22 17:01:15,22.05,20.75,25.63,31.51,1280.08,6108444.0,640.0,23.33
2023-11-22 17:01:17,22.05,20.67,25.6,31.52,1279.99,6110444.0,640.0,23.33
2023-11-22 17:01:19,22.05,20.77,25.62,31.49,1280.6,6112444.0,640.0,23.33
2023-11-22 17:01:21,22.07,20.73,25.62,31.53,1280.89,6114444.0,640.0,23.33
2023-11-22 17:01:23,22.03,20.77,25.6,31.49,1280.65,6116444.0,640.0,23.33
2023-11-22 17:01:25,22.05,20.73,25.6,31.55,1281.12,6118444.0,640.0,23.33
2023-11-22 17:01:27,22.05,20.77,25.62,31.59,1280.55,6120444.0,640.0,23.33
2023-11-22 17:01:29,22.07,20.69,25.62,31.67,1281.35,6122444.0,640.0,23.33
2023-11-22 17:01:31,22.07,20.77,25.6,31.63,1280.75,6124444.0,636.67,23.33
2023-11-22 17:01:33,22.09,20.75,25.62,31.63,1281.44,6126444.0,640.0,23.33
2023-11-22 17:01:35,22.05,20.71,25.62,31.65,1281.42,6128444.0,640.0,23.33
2023-11-22 17:01:38,22.11,20.69,25.59,31.63,1282.0,6130444.0,640.0,23.33
2023-11-22 17:01:40,22.07,20.77,25.59,31.63,1281.85,6132444.0,636.67,23.33
2023-11-22 17:01:42,22.09,20.79,25.59,31.6,1282.0,6134444.0,640.0,23.33
2023-11-22 17:01:44,22.07,20.67,25.59,31.58,1282.33,6136444.0,640.0,23.33
2023-11-22 17:01:46,22.07,20.67,25.57,31.54,1283.01,6138444.0,640.0,23.33
2023-11-22 17:01:48,22.07,20.65,25.6,31.57,1281.63,6140444.0,640.0,23.33
2023-11-22 17:01:50,22.07,20.63,25.57,31.55,1281.77,6142444.0,640.0,23.33
2023-11-22 17:01:52,22.07,20.79,25.6,31.52,1281.21,6144444.0,640.0,23.33
2023-11-22 17:01:54,22.09,20.69,25.59,31.51,1280.13,6146444.0,640.0,23.33
2023-11-22 17:01:56,22.07,20.71,25.6,31.61,1279.19,6148444.0,640.0,23.33
2023-11-22 17:01:58,22.07,20.67,25.6,31.61,1279.81,6150444.0,640.0,23.33
2023-11-22 17:02:00,22.07,20.73,25.63,31.54,1279.71,6152444.0,640.0,23.33
2023-11-22 17:02:02,22.07,20.77,25.63,31.59,1279.49,6154444.0,640.0,23.33
2023-11-22 17:02:04,22.07,20.79,25.62,31.61,1279.02,6156444.0,640.0,23.33
2023-11-22 17:02:06,22.07,20.73,25.62,31.65,1279.43,6158444.0,640.0,23.33
2023-11-22 17:02:08,22.07,20.79,25.63,31.63,1279.3,6160444.0,640.0,23.33
2023-11-22 17:02:10,22.05,20.71,25.62,31.6,1278.84,6162444.0,640.0,23.33
2023-11-22 17:02:12,22.07,20.69,25.66,31.6,1279.65,6164444.0,640.0,23.33
2023-11-22 17:02:14,22.05,20.71,25.66,31.59,1279.48,6166444.0,640.0,23.33
2023-11-22 17:02:16,22.07,20.73,25.65,31.6,1279.42,6168444.0,636.67,23.33
2023-11-22 17:02:18,22.09,20.71,25.65,31.63,1279.63,6170444.0,640.0,23.33
2023-11-22 17:02:20,22.09,20.69,25.65,31.54,1281.16,6172444.0,640.0,23.33
2023-11-22 17:02:22,22.11,20.73,25.63,31.61,1281.34,6174444.0,640.0,23.33
2023-11-22 17:02:24,22.09,20.69,25.63,31.66,1281.41,6176444.0,640.0,23.33
2023-11-22 17:02:26,22.07,20.73,25.65,31.72,1281.33,6178444.0,640.0,23.33
2023-11-22 17:02:28,22.07,20.75,25.66,31.68,1281.54,6180444.0,640.0,23.33
2023-11-22 17:02:30,22.09,20.75,25.66,31.69,1281.45,6182444.0,640.0,23.33
2023-11-22 17:02:32,22.05,20.77,25.66,31.68,1281.88,6184444.0,640.0,23.33
2023-11-22 17:02:34,22.07,20.67,25.65,31.78,1282.3,6186444.0,636.67,23.33
2023-11-22 17:02:36,22.07,20.69,25.67,31.75,1282.92,6188444.0,640.0,23.33
2023-11-22 17:02:38,22.07,20.73,25.65,31.77,1283.14,6190444.0,640.0,23.33
2023-11-22 17:02:40,22.05,20.75,25.65,31.78,1283.1,6192444.0,640.0,23.33
2023-11-22 17:02:42,22.09,20.77,25.66,31.81,1283.51,6194444.0,640.0,23.33
2023-11-22 17:02:44,22.11,20.79,25.65,31.78,1283.99,6196444.0,640.0,23.33
2023-11-22 17:02:46,22.09,20.75,25.66,31.74,1284.79,6198444.0,640.0,23.33
2023-11-22 17:02:48,22.07,20.67,25.66,31.75,1284.84,6200444.0,640.0,23.33
2023-11-22 17:02:50,22.09,20.71,25.66,31.71,1285.08,6202444.0,640.0,23.33
2023-11-22 17:02:52,22.07,20.79,25.67,31.75,1286.05,6204444.0,640.0,23.33
2023-11-22 17:02:54,22.07,20.73,25.67,31.75,1286.41,6206444.0,640.0,23.33
2023-11-22 17:02:56,22.07,20.73,25.66,31.74,1286.2,6208444.0,640.0,23.33
2023-11-22 17:02:58,22.09,20.67,25.66,31.77,1287.05,6210444.0,640.0,23.33
2023-11-22 17:03:00,22.07,20.75,25.65,31.71,1287.42,6212444.0,640.0,23.33
2023-11-22 17:03:02,22.07,20.69,25.69,31.73,1288.23,6214444.0,640.0,23.33
2023-11-22 17:03:04,22.09,20.79,25.67,31.75,1288.45,6216444.0,640.0,23.33
2023-11-22 17:03:06,22.07,20.77,25.66,31.71,1288.1,6218444.0,640.0,23.33
2023-11-22 17:03:08,22.05,20.73,25.67,31.72,1288.01,6220444.0,640.0,23.33
2023-11-22 17:03:10,22.07,20.79,25.66,31.71,1287.59,6222444.0,640.0,23.33
2023-11-22 17:03:12,22.07,20.65,25.66,31.66,1287.88,6224444.0,640.0,23.33
2023-11-22 17:03:14,22.07,20.71,25.67,31.65,1287.88,6226444.0,640.0,23.33
2023-11-22 17:03:16,22.07,20.77,25.66,31.68,1288.02,6228444.0,636.67,23.33
2023-11-22 17:03:18,22.05,20.69,25.66,31.62,1288.08,6230444.0,640.0,23.33
2023-11-22 17:03:20,22.07,20.73,25.66,31.59,1288.44,6232444.0,640.0,23.33
2023-11-22 17:03:22,22.09,20.73,25.67,31.68,1288.56,6234444.0,640.0,23.33
2023-11-22 17:03:24,22.07,20.69,25.67,31.66,1289.38,6236444.0,640.0,23.33
2023-11-22 17:03:26,22.07,20.69,25.66,31.66,1289.51,6238444.0,640.0,23.33
2023-11-22 17:03:28,22.07,20.73,25.66,31.68,1289.48,6240444.0,640.0,23.33
2023-11-22 17:03:30,22.09,20.79,25.66,31.68,1288.7,6242444.0,640.0,23.33
2023-11-22 17:03:32,22.11,20.65,25.67,31.66,1288.74,6244444.0,640.0,23.33
2023-11-22 17:03:34,22.07,20.71,25.65,31.68,1289.0,6246444.0,640.0,23.33
2023-11-22 17:03:36,22.07,20.75,25.66,31.69,1289.56,6248444.0,640.0,23.33
2023-11-22 17:03:38,22.09,20.77,25.65,31.66,1289.64,6250444.0,640.0,23.33
2023-11-22 17:03:40,22.11,20.71,25.67,31.66,1291.03,6252444.0,640.0,23.33
2023-11-22 17:03:42,22.07,20.77,25.67,31.7,1291.69,6254444.0,640.0,23.33
2023-11-22 17:03:44,22.11,20.77,25.67,31.66,1291.53,6256444.0,640.0,23.33
2023-11-22 17:03:46,22.07,20.73,25.67,31.7,1291.7,6258444.0,640.0,23.33
2023-11-22 17:03:48,22.09,20.69,25.67,31.63,1291.62,6260444.0,636.67,23.33
2023-11-22 17:03:50,22.07,20.71,25.66,31.66,1291.53,6262444.0,640.0,23.33
2023-11-22 17:03:52,22.09,20.73,25.66,31.65,1292.15,6264444.0,640.0,23.33
2023-11-22 17:03:54,22.11,20.75,25.67,31.68,1292.49,6266444.0,640.0,23.33
2023-11-22 17:03:56,22.09,20.61,25.67,31.66,1292.43,6268444.0,640.0,23.33
2023-11-22 17:03:58,22.07,20.69,25.66,31.65,1292.49,6270444.0,640.0,23.33
2023-11-22 17:04:00,22.09,20.73,25.67,31.75,1292.66,6272444.0,640.0,23.33
2023-11-22 17:04:02,22.09,20.63,25.66,31.69,1292.6,6274444.0,640.0,23.33
2023-11-22 17:04:04,22.11,20.71,25.7,31.67,1292.98,6276444.0,640.0,23.33
2023-11-22 17:04:06,22.09,20.73,25.66,31.6,1293.01,6278444.0,640.0,23.33
2023-11-22 17:04:08,22.09,20.73,25.67,31.66,1292.3,6280444.0,640.0,23.33
2023-11-22 17:04:10,22.09,20.67,25.66,31.62,1292.58,6282444.0,640.0,23.33
2023-11-22 17:04:12,22.11,20.71,25.66,31.68,1292.85,6284444.0,640.0,23.33
2023-11-22 17:04:14,22.09,20.77,25.69,31.7,1293.63,6286444.0,636.67,23.33
2023-11-22 17:04:16,22.09,20.73,25.65,31.68,1293.1,6288444.0,640.0,23.33
2023-11-22 17:04:18,22.07,20.71,25.66,31.71,1293.04,6290444.0,640.0,23.33
2023-11-22 17:04:20,22.11,20.71,25.65,31.68,1293.05,6292444.0,640.0,23.33
2023-11-22 17:04:22,22.07,20.71,25.65,31.66,1293.09,6294444.0,640.0,23.33
2023-11-22 17:04:24,22.11,20.73,25.63,31.65,1292.75,6296444.0,640.0,23.33
2023-11-22 17:04:26,22.13,20.75,25.65,31.57,1292.99,6298444.0,640.0,23.33
2023-11-22 17:04:28,22.09,20.71,25.66,31.62,1293.23,6300444.0,640.0,23.33
2023-11-22 17:04:30,22.09,20.73,25.66,31.59,1293.37,6302444.0,640.0,23.33
2023-11-22 17:04:32,22.11,20.71,25.65,31.6,1292.97,6304444.0,640.0,23.33
2023-11-22 17:04:34,22.09,20.65,25.65,31.6,1293.01,6306444.0,640.0,23.33
2023-11-22 17:04:36,22.13,20.73,25.66,31.59,1292.96,6308444.0,640.0,23.33
2023-11-22 17:04:38,22.11,20.63,25.66,31.69,1292.92,6310444.0,640.0,23.33
2023-11-22 17:04:40,22.11,20.73,25.65,31.6,1293.03,6312444.0,640.0,23.33
2023-11-22 17:04:42,22.11,20.77,25.66,31.57,1293.24,6314444.0,640.0,23.33
2023-11-22 17:04:44,22.09,20.75,25.66,31.5,1293.1,6316444.0,640.0,23.33
2023-11-22 17:04:46,22.09,20.67,25.65,31.54,1293.13,6318444.0,640.0,23.33
2023-11-22 17:04:48,22.11,20.79,25.66,31.5,1292.99,6320444.0,640.0,23.33
2023-11-22 17:04:50,22.09,20.77,25.66,31.47,1293.5,6322444.0,640.0,23.33
2023-11-22 17:04:52,22.09,20.81,25.65,31.42,1293.15,6324444.0,640.0,23.33
2023-11-22 17:04:54,22.11,20.73,25.62,31.41,1292.71,6326444.0,640.0,23.33
2023-11-22 17:04:56,22.09,20.71,25.65,31.41,1292.73,6328444.0,640.0,23.33
2023-11-22 17:04:58,22.09,20.73,25.65,31.42,1292.64,6330444.0,640.0,23.33
2023-11-22 17:05:00,22.13,20.75,25.65,31.39,1292.66,6332444.0,640.0,23.33
2023-11-22 17:05:02,22.09,20.69,25.66,31.44,1292.48,6334444.0,640.0,23.33
2023-11-22 17:05:04,22.11,20.73,25.63,31.47,1292.16,6336444.0,640.0,23.33
2023-11-22 17:05:06,22.11,20.77,25.63,31.44,1291.92,6338444.0,640.0,23.33
2023-11-22 17:05:08,22.11,20.75,25.66,31.5,1291.54,6340444.0,640.0,23.33
2023-11-22 17:05:10,22.09,20.71,25.67,31.53,1291.74,6342444.0,640.0,23.33
2023-11-22 17:05:12,22.13,20.77,25.65,31.48,1291.23,6344444.0,640.0,23.33
2023-11-22 17:05:14,22.09,20.75,25.65,31.47,1290.89,6346444.0,640.0,23.33
2023-11-22 17:05:16,22.11,20.73,25.63,31.38,1290.67,6348444.0,640.0,23.33
2023-11-22 17:05:18,22.11,20.77,25.67,31.35,1290.17,6350444.0,640.0,23.33
2023-11-22 17:05:20,22.13,20.73,25.66,31.39,1290.56,6352444.0,640.0,23.33
2023-11-22 17:05:22,22.11,20.73,25.66,31.41,1290.0,6354444.0,640.0,23.33
2023-11-22 17:05:24,22.13,20.77,25.65,31.42,1289.82,6356444.0,640.0,23.33
2023-11-22 17:05:26,22.07,20.63,25.65,31.45,1289.66,6358444.0,640.0,23.33
2023-11-22 17:05:28,22.09,20.67,25.65,31.44,1289.18,6360444.0,640.0,23.33
2023-11-22 17:05:30,22.11,20.71,25.63,31.45,1288.92,6362444.0,636.67,23.33
2023-11-22 17:05:32,22.09,20.71,25.65,31.45,1288.55,6364444.0,640.0,23.33
2023-11-22 17:05:34,22.11,20.77,25.66,31.47,1288.04,6366444.0,640.0,23.33
2023-11-22 17:05:36,22.09,20.71,25.65,31.45,1287.85,6368444.0,640.0,23.33
2023-11-22 17:05:38,22.09,20.73,25.65,31.44,1287.68,6370444.0,640.0,23.33
2023-11-22 17:05:40,22.11,20.81,25.65,31.45,1287.27,6372444.0,640.0,23.33
2023-11-22 17:05:42,22.11,20.75,25.67,31.5,1286.52,6374444.0,640.0,23.33
2023-11-22 17:05:44,22.09,20.75,25.65,31.47,1286.67,6376444.0,640.0,23.33
2023-11-22 17:05:46,22.09,20.67,25.69,31.53,1286.97,6378444.0,640.0,23.33
2023-11-22 17:05:48,22.11,20.71,25.69,31.58,1287.18,6380444.0,640.0,23.33
2023-11-22 17:05:50,22.13,20.79,25.67,31.56,1286.87,6382444.0,636.67,23.33
2023-11-22 17:05:52,22.07,20.65,25.67,31.51,1286.97,6384444.0,640.0,23.33
2023-11-22 17:05:54,22.09,20.77,25.67,31.53,1286.52,6386444.0,640.0,23.33
2023-11-22 17:05:56,22.11,20.73,25.69,31.47,1287.59,6388444.0,640.0,23.33
2023-11-22 17:05:58,22.11,20.77,25.67,31.53,1287.83,6390444.0,640.0,23.33
2023-11-22 17:06:00,22.07,20.67,25.69,31.48,1288.58,6392444.0,640.0,23.33
2023-11-22 17:06:02,22.11,20.75,25.7,31.55,1288.62,6394444.0,640.0,23.33
2023-11-22 17:06:04,22.09,20.73,25.7,31.55,1289.43,6396444.0,640.0,23.33
2023-11-22 17:06:06,22.11,20.77,25.69,31.56,1289.65,6398444.0,640.0,23.33
2023-11-22 17:06:08,22.11,20.71,25.69,31.59,1289.58,6400444.0,643.33,23.33
2023-11-22 17:06:10,22.13,20.69,25.67,31.56,1290.12,6402444.0,640.0,23.33
2023-11-22 17:06:12,22.09,20.73,25.69,31.53,1290.29,6404444.0,640.0,23.33
2023-11-22 17:06:14,22.07,20.69,25.69,31.48,1291.36,6406444.0,636.67,23.33
2023-11-22 17:06:16,22.09,20.85,25.69,31.5,1291.95,6408444.0,640.0,23.33
2023-11-22 17:06:18,22.11,20.63,25.67,31.53,1291.3,6410444.0,640.0,23.33
2023-11-22 17:06:20,22.11,20.67,25.66,31.51,1292.09,6412444.0,640.0,23.33
2023-11-22 17:06:22,22.11,20.75,25.7,31.55,1292.35,6414444.0,640.0,23.33
2023-11-22 17:06:24,22.13,20.75,25.67,31.56,1292.37,6416444.0,640.0,23.33
2023-11-22 17:06:26,22.07,20.69,25.69,31.58,1292.62,6418444.0,640.0,23.33
2023-11-22 17:06:28,22.09,20.67,25.67,31.53,1292.64,6420444.0,640.0,23.33
2023-11-22 17:06:30,22.11,20.71,25.67,31.51,1293.08,6422444.0,640.0,23.33
2023-11-22 17:06:32,22.11,20.73,25.69,31.61,1293.31,6424444.0,640.0,23.33
2023-11-22 17:06:34,22.13,20.67,25.69,31.58,1292.74,6426444.0,640.0,23.33
2023-11-22 17:06:36,22.11,20.73,25.67,31.58,1292.55,6428444.0,640.0,23.33
2023-11-22 17:06:38,22.13,20.73,25.69,31.5,1293.11,6430444.0,640.0,23.33
2023-11-22 17:06:40,22.13,20.69,25.69,31.47,1292.59,6432444.0,640.0,23.33
2023-11-22 17:06:42,22.11,20.73,25.69,31.46,1292.68,6434444.0,640.0,23.33
2023-11-22 17:06:44,22.11,20.77,25.69,31.43,1292.46,6436444.0,640.0,23.33
2023-11-22 17:06:46,22.09,20.79,25.67,31.46,1292.31,6438444.0,640.0,23.33
2023-11-22 17:06:48,22.09,20.73,25.66,31.48,1291.99,6440444.0,640.0,23.33
2023-11-22 17:06:50,22.09,20.77,25.69,31.46,1292.12,6442444.0,640.0,23.33
2023-11-22 17:06:52,22.07,20.69,25.7,31.49,1292.57,6444444.0,640.0,23.33
2023-11-22 17:06:54,22.11,20.77,25.69,31.46,1292.51,6446444.0,640.0,23.33
2023-11-22 17:06:56,22.09,20.79,25.67,31.46,1292.68,6448444.0,640.0,23.33
2023-11-22 17:06:58,22.07,20.87,25.69,31.44,1293.34,6450444.0,640.0,23.33
2023-11-22 17:07:00,22.09,20.75,25.69,31.5,1293.12,6452444.0,640.0,23.33
2023-11-22 17:07:02,22.09,20.71,25.69,31.53,1293.12,6454444.0,636.67,23.33
2023-11-22 17:07:04,22.09,20.73,25.7,31.55,1293.64,6456444.0,640.0,23.33
2023-11-22 17:07:06,22.11,20.73,25.7,31.56,1293.06,6458444.0,640.0,23.33
2023-11-22 17:07:08,22.11,20.69,25.67,31.58,1292.62,6460444.0,640.0,23.33
2023-11-22 17:07:10,22.07,20.73,25.72,31.58,1293.25,6462444.0,640.0,23.33
2023-11-22 17:07:12,22.07,20.73,25.69,31.51,1292.56,6464444.0,640.0,23.33
2023-11-22 17:07:14,22.09,20.73,25.72,31.58,1292.68,6466444.0,640.0,23.33
2023-11-22 17:07:16,22.11,20.73,25.67,31.47,1292.49,6468444.0,640.0,23.33
2023-11-22 17:07:18,22.11,20.81,25.72,31.46,1292.38,6470444.0,640.0,23.33
2023-11-22 17:07:20,22.11,20.87,25.69,31.46,1292.51,6472444.0,640.0,23.33
2023-11-22 17:07:22,22.11,20.79,25.72,31.5,1292.73,6474444.0,640.0,23.33
2023-11-22 17:07:24,22.07,20.67,25.7,31.5,1292.82,6476444.0,640.0,23.33
2023-11-22 17:07:26,22.11,20.71,25.69,31.5,1293.33,6478444.0,636.67,23.33
2023-11-22 17:07:28,22.11,20.79,25.72,31.53,1293.72,6480444.0,640.0,23.33
2023-11-22 17:07:30,22.09,20.77,25.73,31.52,1293.93,6482444.0,640.0,23.33
2023-11-22 17:07:32,22.09,20.77,25.72,31.56,1294.23,6484444.0,640.0,23.33
2023-11-22 17:07:34,22.07,20.75,25.72,31.59,1294.19,6486444.0,640.0,23.33
2023-11-22 17:07:36,22.09,20.73,25.73,31.58,1293.71,6488444.0,640.0,23.33
2023-11-22 17:07:38,22.07,20.79,25.7,31.35,1293.7,6490444.0,640.0,23.33
2023-11-22 17:07:40,22.09,20.81,25.73,31.24,1294.1,6492444.0,640.0,23.33
2023-11-22 17:07:42,22.09,20.65,25.7,31.25,1293.96,6494444.0,640.0,23.33
2023-11-22 17:07:44,22.09,20.75,25.67,31.29,1294.22,6496444.0,640.0,23.33
2023-11-22 17:07:46,22.09,20.73,25.69,31.37,1294.99,6498444.0,640.0,23.33
2023-11-22 17:07:48,22.09,20.67,25.67,31.46,1294.91,6500444.0,640.0,23.33
2023-11-22 17:07:50,22.09,20.73,25.69,31.48,1295.35,6502444.0,640.0,23.33
2023-11-22 17:07:52,22.09,20.75,25.7,31.52,1295.55,6504444.0,643.33,23.33
2023-11-22 17:07:54,22.13,20.79,25.69,31.58,1295.53,6506444.0,640.0,23.33
2023-11-22 17:07:56,22.11,20.77,25.69,31.67,1295.81,6508444.0,640.0,23.33
2023-11-22 17:07:58,22.13,20.87,25.67,31.62,1296.39,6510444.0,640.0,23.33
2023-11-22 17:08:00,22.13,20.75,25.7,31.7,1297.12,6512444.0,640.0,23.33
2023-11-22 17:08:02,22.13,20.69,25.69,31.68,1297.08,6514444.0,640.0,23.33
2023-11-22 17:08:04,22.11,20.79,25.7,31.68,1297.86,6516444.0,640.0,23.33
2023-11-22 17:08:06,22.11,20.73,25.69,31.71,1298.47,6518444.0,640.0,23.33
2023-11-22 17:08:08,22.09,20.77,25.7,31.71,1299.21,6520444.0,640.0,23.33
2023-11-22 17:08:10,22.09,20.75,25.67,31.66,1299.82,6522444.0,640.0,23.33
2023-11-22 17:08:12,22.11,20.75,25.69,31.7,1300.18,6524444.0,640.0,23.33
2023-11-22 17:08:14,22.09,20.75,25.69,31.7,1300.2,6526444.0,640.0,23.33
2023-11-22 17:08:16,22.11,20.73,25.7,31.73,1301.03,6528444.0,640.0,23.33
2023-11-22 17:08:18,22.11,20.71,25.69,31.7,1301.7,6530444.0,640.0,23.33
2023-11-22 17:08:20,22.11,20.63,25.69,31.65,1301.67,6532444.0,640.0,23.33
2023-11-22 17:08:22,22.11,20.75,25.69,31.67,1302.47,6534444.0,640.0,23.33
2023-11-22 17:08:24,22.11,20.69,25.7,31.62,1302.41,6536444.0,640.0,23.33
2023-11-22 17:08:26,22.09,20.73,25.72,31.55,1302.8,6538444.0,640.0,23.33
2023-11-22 17:08:28,22.11,20.71,25.72,31.55,1302.52,6540444.0,640.0,23.33
2023-11-22 17:08:30,22.09,20.63,25.69,31.48,1302.38,6542444.0,640.0,23.33
2023-11-22 17:08:32,22.11,20.67,25.7,31.47,1302.32,6544444.0,640.0,23.33
2023-11-22 17:08:34,22.11,20.77,25.69,31.41,1303.08,6546444.0,640.0,23.33
2023-11-22 17:08:36,22.09,20.75,25.7,31.43,1303.25,6548444.0,640.0,23.33
2023-11-22 17:08:38,22.11,20.77,25.67,31.35,1303.09,6550444.0,640.0,23.33
2023-11-22 17:08:40,22.09,20.75,25.72,31.34,1303.41,6552444.0,640.0,23.33
2023-11-22 17:08:42,22.11,20.67,25.73,31.36,1303.15,6554444.0,640.0,23.33
2023-11-22 17:08:44,22.09,20.69,25.72,31.36,1302.63,6556444.0,640.0,23.33
2023-11-22 17:08:46,22.09,20.71,25.72,31.4,1303.08,6558444.0,640.0,23.33
2023-11-22 17:08:48,22.11,20.79,25.7,31.38,1303.01,6560444.0,636.67,23.33
2023-11-22 17:08:50,22.11,20.73,25.69,31.5,1302.71,6562444.0,640.0,23.33
2023-11-22 17:08:52,22.11,20.73,25.69,31.48,1302.62,6564444.0,640.0,23.33
2023-11-22 17:08:54,22.11,20.73,25.69,31.53,1303.18,6566444.0,640.0,23.33
2023-11-22 17:08:56,22.09,20.73,25.69,31.55,1303.13,6568444.0,640.0,23.33
2023-11-22 17:08:58,22.13,20.73,25.67,31.59,1303.02,6570444.0,640.0,23.33
2023-11-22 17:09:00,22.11,20.73,25.66,31.6,1303.3,6572444.0,640.0,23.33
2023-11-22 17:09:02,22.11,20.71,25.69,31.61,1303.72,6574444.0,640.0,23.33
2023-11-22 17:09:04,22.13,20.75,25.66,31.47,1304.41,6576444.0,640.0,23.33
2023-11-22 17:09:06,22.13,20.73,25.67,31.39,1304.27,6578444.0,640.0,23.33
2023-11-22 17:09:08,22.13,20.73,25.67,31.46,1304.41,6580444.0,640.0,23.33
2023-11-22 17:09:10,22.13,20.75,25.69,31.47,1304.91,6582444.0,640.0,23.33
2023-11-22 17:09:12,22.11,20.79,25.7,31.5,1305.9,6584444.0,640.0,23.33
2023-11-22 17:09:14,22.13,20.79,25.67,31.61,1306.25,6586444.0,640.0,23.33
2023-11-22 17:09:16,22.11,20.61,25.69,31.62,1306.61,6588444.0,640.0,23.33
2023-11-22 17:09:18,22.11,20.79,25.69,31.67,1306.81,6590444.0,640.0,23.33
2023-11-22 17:09:20,22.13,20.71,25.69,31.67,1307.81,6592444.0,640.0,23.33
2023-11-22 17:09:22,22.11,20.75,25.7,31.64,1308.59,6594444.0,640.0,23.33
2023-11-22 17:09:24,22.13,20.77,25.7,31.65,1308.91,6596444.0,640.0,23.33
2023-11-22 17:09:26,22.13,20.73,25.69,31.68,1308.67,6598444.0,640.0,23.33
2023-11-22 17:09:28,22.11,20.69,25.7,31.65,1309.62,6600444.0,640.0,23.33
2023-11-22 17:09:30,22.13,20.79,25.7,31.65,1310.12,6602444.0,640.0,23.33
2023-11-22 17:09:32,22.13,20.71,25.69,31.62,1310.3,6604444.0,640.0,23.33
2023-11-22 17:09:34,22.11,20.77,25.7,31.61,1311.07,6606444.0,640.0,23.33
2023-11-22 17:09:36,22.13,20.71,25.7,31.59,1311.56,6608444.0,640.0,23.33
2023-11-22 17:09:38,22.11,20.73,25.72,31.58,1311.69,6610444.0,636.67,23.33
2023-11-22 17:09:40,22.11,20.73,25.72,31.59,1312.57,6612444.0,640.0,23.33
2023-11-22 17:09:42,22.13,20.73,25.7,31.56,1313.06,6614444.0,636.67,23.33
2023-11-22 17:09:44,22.11,20.77,25.72,31.56,1312.98,6616444.0,640.0,23.33
2023-11-22 17:09:46,22.13,20.75,25.73,31.56,1313.02,6618444.0,640.0,23.33
2023-11-22 17:09:48,22.13,20.65,25.72,31.55,1313.54,6620444.0,640.0,23.33
2023-11-22 17:09:50,22.13,20.69,25.73,31.56,1313.98,6622444.0,640.0,23.33
2023-11-22 17:09:52,22.13,20.75,25.73,31.56,1314.13,6624444.0,640.0,23.33
2023-11-22 17:09:54,22.11,20.79,25.72,31.61,1313.48,6626444.0,640.0,23.33
2023-11-22 17:09:56,22.13,20.75,25.73,31.58,1313.38,6628444.0,640.0,23.33
2023-11-22 17:09:58,22.13,20.65,25.72,31.61,1313.8,6630444.0,640.0,23.33
2023-11-22 17:10:01,22.13,20.73,25.73,31.58,1314.22,6632444.0,636.67,23.33
2023-11-22 17:10:03,22.13,20.73,25.76,31.61,1314.42,6634444.0,640.0,23.33
2023-11-22 17:10:05,22.13,20.71,25.74,31.6,1314.72,6636444.0,640.0,23.33
2023-11-22 17:10:07,22.13,20.73,25.73,31.58,1315.13,6638444.0,640.0,23.33
2023-11-22 17:10:09,22.17,20.71,25.73,31.59,1316.15,6640444.0,636.67,23.33
2023-11-22 17:10:11,22.11,20.81,25.73,31.59,1316.67,6642444.0,640.0,23.33
2023-11-22 17:10:13,22.13,20.79,25.72,31.62,1317.12,6644444.0,640.0,23.33
2023-11-22 17:10:15,22.11,20.69,25.73,31.62,1317.3,6646444.0,640.0,23.33
2023-11-22 17:10:17,22.13,20.75,25.73,31.61,1318.19,6648444.0,640.0,23.33
2023-11-22 17:10:19,22.13,20.79,25.72,31.59,1319.1,6650444.0,640.0,23.33
2023-11-22 17:10:21,22.11,20.63,25.74,31.6,1319.86,6652444.0,640.0,23.33
2023-11-22 17:10:23,22.09,20.73,25.72,31.61,1319.69,6654444.0,640.0,23.33
2023-11-22 17:10:25,22.13,20.73,25.74,31.61,1319.82,6656444.0,640.0,23.33
2023-11-22 17:10:27,22.13,20.79,25.73,31.59,1320.1,6658444.0,640.0,23.33
2023-11-22 17:10:29,22.17,20.71,25.74,31.62,1320.35,6660444.0,640.0,23.33
2023-11-22 17:10:31,22.13,20.65,25.73,31.59,1320.8,6662444.0,640.0,23.33
2023-11-22 17:10:33,22.11,20.73,25.74,31.58,1320.71,6664444.0,640.0,23.33
2023-11-22 17:10:35,22.17,20.71,25.74,31.61,1321.38,6666444.0,640.0,23.33
2023-11-22 17:10:37,22.11,20.79,25.72,31.55,1321.0,6668444.0,640.0,23.33
2023-11-22 17:10:39,22.13,20.71,25.74,31.6,1320.23,6670444.0,640.0,23.33
2023-11-22 17:10:41,22.13,20.73,25.72,31.58,1319.71,6672444.0,640.0,23.33
2023-11-22 17:10:43,22.13,20.73,25.72,31.59,1319.74,6674444.0,640.0,23.33
2023-11-22 17:10:45,22.13,20.81,25.72,31.58,1320.13,6676444.0,636.67,23.33
2023-11-22 17:10:47,22.13,20.75,25.73,31.58,1320.96,6678444.0,640.0,23.33
2023-11-22 17:10:49,22.13,20.67,25.76,31.58,1321.1,6680444.0,640.0,23.33
2023-11-22 17:10:51,22.13,20.77,25.76,31.58,1321.34,6682444.0,636.67,23.33
2023-11-22 17:10:53,22.13,20.71,25.73,31.59,1321.09,6684444.0,640.0,23.33
2023-11-22 17:10:55,22.13,20.73,25.73,31.56,1321.58,6686444.0,640.0,23.33
2023-11-22 17:10:57,22.13,20.69,25.73,31.58,1322.5,6688444.0,640.0,23.33
2023-11-22 17:10:59,22.13,20.79,25.73,31.61,1322.98,6690444.0,640.0,23.33
2023-11-22 17:11:01,22.17,20.79,25.73,31.56,1322.86,6692444.0,636.67,23.33
2023-11-22 17:11:03,22.13,20.79,25.73,31.59,1322.39,6694444.0,640.0,23.33
2023-11-22 17:11:05,22.13,20.65,25.73,31.61,1323.48,6696444.0,636.67,23.33
2023-11-22 17:11:07,22.13,20.73,25.74,31.61,1323.8,6698444.0,640.0,23.33
2023-11-22 17:11:09,22.13,20.71,25.73,31.61,1323.54,6700444.0,640.0,23.33
2023-11-22 17:11:11,22.11,20.73,25.74,31.58,1323.08,6702444.0,640.0,23.33
2023-11-22 17:11:13,22.11,20.79,25.74,31.58,1323.46,6704444.0,640.0,23.33
2023-11-22 17:11:15,22.13,20.77,25.73,31.61,1324.01,6706444.0,640.0,23.33
2023-11-22 17:11:17,22.11,20.67,25.73,31.59,1324.4,6708444.0,636.67,23.33
2023-11-22 17:11:19,22.13,20.79,25.72,31.59,1324.47,6710444.0,636.67,23.33
2023-11-22 17:11:21,22.13,20.69,25.74,31.67,1324.42,6712444.0,636.67,23.33
2023-11-22 17:11:23,22.11,20.77,25.72,31.64,1324.92,6714444.0,640.0,23.33
2023-11-22 17:11:25,22.13,20.71,25.73,31.68,1325.5,6716444.0,636.67,23.33
2023-11-22 17:11:27,22.11,20.79,25.73,31.68,1326.14,6718444.0,640.0,23.33
2023-11-22 17:11:29,22.13,20.69,25.73,31.65,1327.0,6720444.0,636.67,23.33
2023-11-22 17:11:31,22.11,20.73,25.76,31.67,1327.58,6722444.0,640.0,23.33
2023-11-22 17:11:33,22.13,20.71,25.74,31.65,1328.52,6724444.0,636.67,23.33
2023-11-22 17:11:35,22.13,20.75,25.74,31.67,1328.42,6726444.0,640.0,23.33
2023-11-22 17:11:37,22.11,20.73,25.74,31.65,1328.25,6728444.0,640.0,23.33
2023-11-22 17:11:39,22.13,20.67,25.73,31.64,1329.09,6730444.0,640.0,23.33
2023-11-22 17:11:41,22.17,20.79,25.73,31.62,1329.35,6732444.0,640.0,23.33
2023-11-22 17:11:43,22.17,20.79,25.74,31.61,1329.74,6734444.0,640.0,23.33
2023-11-22 17:11:45,22.13,20.71,25.73,31.59,1330.79,6736444.0,640.0,23.33
2023-11-22 17:11:47,22.13,20.77,25.74,31.6,1330.88,6738444.0,640.0,23.33
2023-11-22 17:11:49,22.11,20.73,25.74,31.6,1331.22,6740444.0,640.0,23.33
2023-11-22 17:11:51,22.13,20.71,25.74,31.6,1331.69,6742444.0,636.67,23.33
2023-11-22 17:11:53,22.13,20.65,25.73,31.64,1331.22,6744444.0,640.0,23.33
2023-11-22 17:11:55,22.11,20.73,25.7,31.58,1331.96,6746444.0,636.67,23.33
2023-11-22 17:11:57,22.13,20.79,25.73,31.59,1331.9,6748444.0,640.0,23.33
2023-11-22 17:11:59,22.15,20.81,25.72,31.56,1331.12,6750444.0,640.0,23.33
2023-11-22 17:12:01,22.13,20.81,25.73,31.61,1331.86,6752444.0,640.0,23.33
2023-11-22 17:12:03,22.13,20.65,25.72,31.61,1331.91,6754444.0,640.0,23.33
2023-11-22 17:12:05,22.13,20.71,25.72,31.58,1332.1,6756444.0,640.0,23.33
2023-11-22 17:12:07,22.13,20.71,25.72,31.59,1332.53,6758444.0,640.0,23.33
2023-11-22 17:12:09,22.17,20.83,25.72,31.62,1332.58,6760444.0,640.0,23.33
2023-11-22 17:12:11,22.13,20.79,25.73,31.68,1332.93,6762444.0,640.0,23.33
2023-11-22 17:12:13,22.13,20.73,25.73,31.71,1332.82,6764444.0,640.0,23.33
2023-11-22 17:12:15,22.13,20.73,25.72,31.71,1332.39,6766444.0,640.0,23.33
2023-11-22 17:12:17,22.13,20.73,25.72,31.68,1332.05,6768444.0,640.0,23.33
2023-11-22 17:12:19,22.13,20.69,25.74,31.69,1332.52,6770444.0,640.0,23.33
2023-11-22 17:12:21,22.13,20.73,25.73,31.7,1332.8,6772444.0,640.0,23.33
2023-11-22 17:12:23,22.13,20.71,25.72,31.73,1333.2,6774444.0,640.0,23.33
2023-11-22 17:12:25,22.13,20.73,25.72,31.62,1333.83,6776444.0,640.0,23.33
2023-11-22 17:12:27,22.11,20.65,25.72,31.65,1333.96,6778444.0,640.0,23.33
2023-11-22 17:12:29,22.13,20.75,25.72,31.71,1333.8,6780444.0,640.0,23.33
2023-11-22 17:12:31,22.13,20.67,25.72,31.62,1334.17,6782444.0,640.0,23.33
2023-11-22 17:12:33,22.13,20.73,25.73,31.64,1334.32,6784444.0,640.0,23.33
2023-11-22 17:12:35,22.13,20.71,25.74,31.61,1335.03,6786444.0,636.67,23.33
2023-11-22 17:12:37,22.13,21.79,25.7,31.65,1336.5,6788444.0,640.0,23.33
2023-11-22 17:12:39,22.09,21.71,25.6,31.63,1335.44,6790444.0,1013.33,16.67
2023-11-22 17:12:41,22.07,21.83,25.59,31.69,1334.06,6792444.0,756.67,16.67
2023-11-22 17:12:43,22.09,21.71,25.63,31.72,1335.26,6794444.0,566.67,10.0
2023-11-22 17:12:45,22.07,21.71,25.56,31.77,1335.84,6796444.0,576.67,10.0
2023-11-22 17:12:47,22.07,21.69,25.6,31.79,1337.05,6798444.0,573.33,10.0
2023-11-22 17:12:49,22.11,21.69,25.57,31.79,1338.29,6800444.0,576.67,10.0
2023-11-22 17:12:51,22.09,21.73,25.6,31.75,1339.04,6802444.0,586.67,10.0
2023-11-22 17:12:53,22.07,21.71,25.59,31.73,1341.93,6804444.0,633.33,13.33
2023-11-22 17:12:55,22.07,21.55,25.52,31.79,1345.44,6806444.0,910.0,16.67
2023-11-22 17:12:57,22.07,21.63,25.43,31.88,1345.06,6808444.0,1013.33,20.0
2023-11-22 17:12:59,22.03,20.69,25.43,31.9,1343.47,6810444.0,596.67,20.0
2023-11-22 17:13:01,22.05,20.71,25.43,31.93,1344.78,6812444.0,710.0,20.0
2023-11-22 17:13:03,22.07,21.65,25.42,31.91,1342.41,6814444.0,483.33,26.67
2023-11-22 17:13:05,22.03,21.37,25.39,31.88,1345.01,6816444.0,916.67,16.67
2023-11-22 17:13:07,22.05,20.79,25.33,31.83,1345.81,6818444.0,940.0,96.67
2023-11-22 17:13:09,22.03,21.05,25.35,31.89,1343.08,6820444.0,980.0,63.33
2023-11-22 17:13:11,22.01,20.89,25.39,31.86,1340.97,6822444.0,566.67,166.67
2023-11-22 17:13:13,22.05,21.21,25.38,31.85,1340.41,6824444.0,510.0,186.67
2023-11-22 17:13:15,22.01,20.91,25.43,31.87,1336.05,6826444.0,510.0,186.67
2023-11-22 17:13:17,22.01,20.95,25.46,31.83,1335.26,6828444.0,506.67,183.33
2023-11-22 17:13:19,22.05,21.15,25.46,31.8,1334.97,6830444.0,506.67,186.67
2023-11-22 17:13:21,22.01,20.93,25.48,31.65,1330.71,6832444.0,510.0,186.67
2023-11-22 17:13:23,22.01,21.05,25.49,31.66,1329.07,6834444.0,506.67,186.67
2023-11-22 17:13:25,22.01,21.01,25.5,31.72,1327.82,6836444.0,510.0,186.67
2023-11-22 17:13:27,22.01,20.99,25.5,31.7,1326.25,6838444.0,510.0,186.67
2023-11-22 17:13:29,22.01,20.89,25.54,31.71,1326.53,6840444.0,506.67,186.67
2023-11-22 17:13:31,22.05,21.23,25.52,31.82,1324.66,6842444.0,510.0,186.67
2023-11-22 17:13:33,21.99,21.55,25.56,31.76,1324.6,6844444.0,446.67,126.67
2023-11-22 17:13:35,22.01,21.93,25.4,31.63,1330.7,6846444.0,886.67,30.0
2023-11-22 17:13:37,21.99,21.95,25.26,31.6,1337.9,6848444.0,480.0,203.33
2023-11-22 17:13:39,21.99,21.89,25.18,31.71,1337.79,6850444.0,190.0,236.67
2023-11-22 17:13:41,21.97,21.97,25.21,31.79,1333.14,6852444.0,180.0,236.67
2023-11-22 17:13:43,21.99,24.65,25.25,31.72,1328.97,6854444.0,183.33,236.67
2023-11-22 17:13:45,21.99,21.95,25.26,31.81,1318.95,6856444.0,183.33,236.67
2023-11-22 17:13:47,21.97,21.99,25.25,31.69,1303.72,6858444.0,183.33,236.67
2023-11-22 17:13:49,21.99,21.95,25.31,31.7,1275.37,6860444.0,183.33,236.67
2023-11-22 17:13:51,21.99,21.99,25.32,31.74,1270.87,6862444.0,183.33,236.67
2023-11-22 17:13:53,21.99,21.97,25.31,31.75,1270.58,6864444.0,183.33,236.67
2023-11-22 17:13:55,22.01,21.93,25.35,31.76,1265.65,6866444.0,183.33,236.67
2023-11-22 17:13:57,22.01,21.93,25.36,31.77,1269.95,6868444.0,183.33,236.67
2023-11-22 17:13:59,21.99,21.97,25.36,31.67,1270.31,6870444.0,183.33,236.67
2023-11-22 17:14:01,21.99,22.05,25.36,31.59,1265.05,6872444.0,206.67,236.67
2023-11-22 17:14:03,22.01,22.11,25.39,31.69,1250.56,6874444.0,300.0,253.33
2023-11-22 17:14:05,21.99,22.17,25.39,31.69,1254.26,6876444.0,306.67,193.33
2023-11-22 17:14:07,21.99,22.37,25.4,31.63,1261.61,6878444.0,346.67,173.33
2023-11-22 17:14:09,21.99,23.05,25.39,31.63,1267.47,6880444.0,346.67,173.33
2023-11-22 17:14:11,22.01,22.27,25.36,31.61,1271.85,6882444.0,346.67,173.33
2023-11-22 17:14:13,21.99,22.23,25.36,31.62,1275.09,6884444.0,346.67,173.33
2023-11-22 17:14:15,21.99,22.31,25.4,31.64,1279.73,6886444.0,346.67,173.33
2023-11-22 17:14:17,21.99,22.23,25.38,31.59,1283.04,6888444.0,346.67,173.33
2023-11-22 17:14:19,21.99,22.29,25.39,31.59,1283.41,6890444.0,346.67,173.33
2023-11-22 17:14:21,22.01,22.29,25.38,31.62,1284.31,6892444.0,346.67,173.33
2023-11-22 17:14:23,21.97,22.87,25.39,31.55,1284.62,6894444.0,346.67,173.33
2023-11-22 17:14:25,21.99,22.37,25.39,31.54,1285.91,6896444.0,346.67,173.33
2023-11-22 17:14:27,22.01,23.05,25.36,31.64,1287.5,6898444.0,346.67,173.33
2023-11-22 17:14:29,21.97,22.31,25.4,31.66,1288.21,6900444.0,346.67,173.33
2023-11-22 17:14:31,21.97,21.97,25.39,31.61,1288.16,6902444.0,346.67,173.33
2023-11-22 17:14:33,22.01,22.09,25.43,31.61,1288.66,6904444.0,293.33,203.33
2023-11-22 17:14:35,21.99,20.75,25.36,31.59,1294.61,6906444.0,313.33,236.67
2023-11-22 17:14:37,22.01,21.19,25.26,31.56,1298.69,6908444.0,190.0,296.67
2023-11-22 17:14:39,21.97,21.13,25.22,31.58,1301.52,6910444.0,333.33,150.0
2023-11-22 17:14:41,21.97,20.99,25.23,31.82,1298.25,6912444.0,313.33,156.67
2023-11-22 17:14:43,21.97,21.07,25.23,31.91,1295.06,6914444.0,316.67,160.0
2023-11-22 17:14:45,21.97,21.15,25.28,31.93,1295.3,6916444.0,313.33,160.0
2023-11-22 17:14:47,21.97,21.11,25.31,31.77,1291.7,6918444.0,316.67,160.0
2023-11-22 17:14:49,21.97,21.09,25.31,31.71,1292.17,6920444.0,316.67,160.0
2023-11-22 17:14:51,21.97,21.19,25.35,31.61,1291.53,6922444.0,316.67,160.0
2023-11-22 17:14:53,21.99,21.15,25.33,31.59,1291.99,6924444.0,316.67,160.0
2023-11-22 17:14:55,21.97,21.13,25.36,31.54,1290.97,6926444.0,316.67,160.0
2023-11-22 17:14:57,21.99,20.97,25.38,31.48,1288.1,6928444.0,313.33,160.0
2023-11-22 17:14:59,21.95,21.95,25.39,31.46,1282.1,6930444.0,206.67,310.0
2023-11-22 17:15:01,21.89,21.63,25.43,31.48,1283.36,6932444.0,473.33,190.0
2023-11-22 17:15:03,21.89,21.59,25.43,31.48,1288.06,6934444.0,1070.0,20.0
2023-11-22 17:15:05,21.89,20.65,25.4,31.54,1292.06,6936444.0,773.33,20.0
2023-11-22 17:15:07,21.89,20.67,25.39,31.61,1305.29,6938444.0,490.0,23.33
2023-11-22 17:15:09,21.91,20.73,25.39,31.55,1323.63,6940444.0,503.33,23.33
2023-11-22 17:15:11,21.87,20.69,25.39,31.52,1346.46,6942444.0,503.33,23.33
2023-11-22 17:15:13,21.89,20.79,25.4,31.55,1322.41,6944444.0,503.33,23.33
2023-11-22 17:15:15,21.87,20.69,25.38,31.61,1317.88,6946444.0,503.33,23.33
2023-11-22 17:15:17,21.87,20.71,25.38,31.61,1325.68,6948444.0,503.33,23.33
2023-11-22 17:15:19,21.89,20.71,25.38,31.57,1327.04,6950444.0,503.33,23.33
2023-11-22 17:15:21,21.89,20.77,25.35,31.56,1322.47,6952444.0,503.33,23.33
2023-11-22 17:15:23,21.87,20.65,25.33,31.59,1320.38,6954444.0,503.33,23.33
2023-11-22 17:15:25,21.91,20.67,25.33,31.64,1322.78,6956444.0,503.33,23.33
2023-11-22 17:15:27,21.91,20.93,25.28,31.61,1317.74,6958444.0,500.0,23.33
2023-11-22 17:15:29,21.87,20.73,25.17,31.88,1330.49,6960444.0,763.33,20.0
2023-11-22 17:15:31,21.87,20.77,25.17,32.07,1335.42,6962444.0,430.0,20.0
2023-11-22 17:15:33,21.87,20.73,25.14,32.25,1336.38,6964444.0,426.67,20.0
2023-11-22 17:15:35,21.87,20.79,25.14,32.3,1333.93,6966444.0,426.67,20.0
2023-11-22 17:15:37,21.89,20.75,25.18,32.3,1329.68,6968444.0,426.67,20.0
2023-11-22 17:15:39,21.89,20.75,25.18,32.32,1330.36,6970444.0,426.67,20.0
2023-11-22 17:15:41,21.87,20.83,25.18,32.3,1333.48,6972444.0,426.67,20.0
2023-11-22 17:15:43,21.91,20.91,25.17,32.32,1334.1,6974444.0,426.67,20.0
2023-11-22 17:15:45,21.89,20.75,25.18,32.31,1334.98,6976444.0,426.67,20.0
2023-11-22 17:15:47,21.89,20.87,25.18,32.22,1334.39,6978444.0,426.67,20.0
2023-11-22 17:15:49,21.87,20.83,25.19,32.25,1335.29,6980444.0,426.67,20.0
2023-11-22 17:15:51,21.91,20.87,25.21,32.21,1335.9,6982444.0,426.67,20.0
2023-11-22 17:15:53,21.89,20.87,25.21,32.15,1334.97,6984444.0,426.67,20.0
2023-11-22 17:15:55,21.91,20.75,25.22,32.14,1334.87,6986444.0,426.67,20.0
2023-11-22 17:15:57,21.89,20.81,25.26,32.2,1334.49,6988444.0,426.67,20.0
2023-11-22 17:15:59,21.89,20.83,25.25,32.18,1335.18,6990444.0,426.67,20.0
2023-11-22 17:16:01,21.91,20.69,25.23,32.15,1335.63,6992444.0,426.67,20.0
2023-11-22 17:16:03,21.91,20.83,25.26,32.15,1337.23,6994444.0,426.67,20.0
2023-11-22 17:16:05,21.91,20.81,25.26,32.18,1338.5,6996444.0,426.67,20.0
2023-11-22 17:16:07,21.91,20.81,25.25,32.17,1337.2,6998444.0,426.67,20.0
2023-11-22 17:16:09,21.93,20.83,25.28,32.11,1337.29,7000444.0,426.67,20.0
2023-11-22 17:16:11,21.93,20.83,25.29,31.96,1337.47,7002444.0,426.67,20.0
2023-11-22 17:16:13,21.91,20.79,25.29,32.0,1338.48,7004444.0,426.67,20.0
2023-11-22 17:16:15,21.93,20.83,25.32,31.92,1338.12,7006444.0,426.67,20.0
2023-11-22 17:16:17,21.95,20.87,25.28,31.92,1338.65,7008444.0,426.67,20.0
2023-11-22 17:16:19,21.91,20.81,25.28,31.9,1338.7,7010444.0,426.67,20.0
2023-11-22 17:16:21,21.93,20.87,25.29,31.93,1339.92,7012444.0,426.67,20.0
2023-11-22 17:16:23,21.93,20.83,25.32,31.92,1340.27,7014444.0,426.67,20.0
2023-11-22 17:16:25,21.91,20.89,25.28,31.86,1340.34,7016444.0,426.67,20.0
2023-11-22 17:16:27,21.95,20.73,25.28,31.82,1341.36,7018444.0,426.67,20.0
2023-11-22 17:16:29,21.93,20.79,25.29,31.83,1342.31,7020444.0,426.67,20.0
2023-11-22 17:16:31,21.93,20.83,25.28,31.82,1342.55,7022444.0,426.67,20.0
2023-11-22 17:16:33,21.93,20.79,25.26,31.8,1342.1,7024444.0,426.67,20.0
2023-11-22 17:16:35,21.93,20.87,25.28,31.82,1341.02,7026444.0,426.67,20.0
2023-11-22 17:16:37,21.93,20.83,25.29,31.81,1341.77,7028444.0,426.67,20.0
2023-11-22 17:16:39,21.93,20.83,25.29,31.78,1341.36,7030444.0,426.67,20.0
2023-11-22 17:16:41,21.95,20.95,25.28,31.8,1340.63,7032444.0,426.67,20.0
2023-11-22 17:16:43,21.95,20.83,25.26,31.84,1339.75,7034444.0,426.67,20.0
2023-11-22 17:16:45,21.95,20.93,25.23,31.83,1339.46,7036444.0,426.67,20.0
2023-11-22 17:16:47,21.95,20.89,25.26,31.92,1338.46,7038444.0,426.67,20.0
2023-11-22 17:16:49,21.95,20.89,25.25,31.88,1338.58,7040444.0,426.67,20.0
2023-11-22 17:16:51,21.95,20.81,25.28,31.84,1338.41,7042444.0,426.67,20.0
2023-11-22 17:16:53,21.97,20.89,25.26,31.85,1337.82,7044444.0,426.67,20.0
2023-11-22 17:16:55,21.97,20.81,25.26,31.87,1337.71,7046444.0,426.67,20.0
2023-11-22 17:16:57,21.95,20.81,25.28,31.78,1336.34,7048444.0,426.67,20.0
2023-11-22 17:16:59,21.97,20.87,25.26,31.8,1336.48,7050444.0,426.67,20.0
2023-11-22 17:17:01,21.93,20.81,25.26,31.85,1335.06,7052444.0,426.67,20.0
2023-11-22 17:17:03,21.95,20.85,25.28,31.8,1334.64,7054444.0,426.67,20.0
2023-11-22 17:17:05,21.97,20.85,25.28,31.75,1334.56,7056444.0,426.67,20.0
2023-11-22 17:17:07,21.97,20.81,25.28,31.7,1333.81,7058444.0,426.67,20.0
2023-11-22 17:17:09,21.97,20.87,25.26,31.7,1332.9,7060444.0,426.67,20.0
2023-11-22 17:17:11,21.97,20.83,25.26,31.7,1332.23,7062444.0,426.67,20.0
2023-11-22 17:17:13,21.97,20.83,25.28,31.69,1331.54,7064444.0,426.67,20.0
2023-11-22 17:17:15,21.93,20.89,25.32,31.7,1330.09,7066444.0,426.67,20.0
2023-11-22 17:17:17,21.97,20.87,25.29,31.63,1328.95,7068444.0,426.67,20.0
2023-11-22 17:17:19,21.97,20.83,25.33,31.68,1328.46,7070444.0,426.67,20.0
2023-11-22 17:17:21,21.97,20.83,25.31,31.7,1327.89,7072444.0,426.67,20.0
2023-11-22 17:17:23,21.97,20.83,25.32,31.71,1327.55,7074444.0,426.67,20.0
2023-11-22 17:17:25,21.99,20.79,25.33,31.7,1326.79,7076444.0,426.67,20.0
2023-11-22 17:17:27,21.97,20.75,25.33,31.64,1326.43,7078444.0,426.67,20.0
2023-11-22 17:17:29,21.97,20.85,25.35,31.68,1325.72,7080444.0,426.67,20.0
2023-11-22 17:17:31,22.01,20.83,25.38,31.64,1325.56,7082444.0,426.67,20.0
2023-11-22 17:17:33,21.97,20.89,25.35,31.67,1324.88,7084444.0,426.67,20.0
2023-11-22 17:17:35,21.97,20.83,25.38,31.71,1324.44,7086444.0,426.67,20.0
2023-11-22 17:17:37,21.99,20.81,25.35,31.71,1324.48,7088444.0,426.67,20.0
2023-11-22 17:17:39,21.99,20.81,25.38,31.74,1324.97,7090444.0,426.67,20.0
2023-11-22 17:17:41,21.95,20.79,25.39,31.67,1325.33,7092444.0,426.67,20.0
2023-11-22 17:17:43,21.97,20.87,25.4,31.67,1324.9,7094444.0,426.67,20.0
2023-11-22 17:17:45,21.97,20.81,25.4,31.69,1324.88,7096444.0,426.67,20.0
2023-11-22 17:17:47,21.99,20.87,25.42,31.61,1324.31,7098444.0,426.67,20.0
2023-11-22 17:17:49,22.01,20.83,25.4,31.7,1323.91,7100444.0,426.67,20.0
2023-11-22 17:17:51,22.01,20.87,25.42,31.66,1323.91,7102444.0,426.67,20.0
2023-11-22 17:17:53,21.99,20.89,25.43,31.66,1324.14,7104444.0,426.67,20.0
2023-11-22 17:17:55,22.01,20.83,25.43,31.69,1324.42,7106444.0,426.67,20.0
2023-11-22 17:17:57,21.97,20.83,25.42,31.64,1324.61,7108444.0,426.67,20.0
2023-11-22 17:17:59,22.01,20.81,25.45,31.68,1325.46,7110444.0,426.67,20.0
2023-11-22 17:18:01,21.99,20.73,25.43,31.61,1325.66,7112444.0,426.67,20.0
2023-11-22 17:18:03,22.01,20.87,25.46,31.6,1325.91,7114444.0,426.67,20.0
2023-11-22 17:18:05,22.01,20.87,25.42,31.55,1325.47,7116444.0,426.67,20.0
2023-11-22 17:18:07,21.99,20.75,25.46,31.54,1325.04,7118444.0,426.67,20.0
2023-11-22 17:18:09,22.01,20.85,25.46,31.53,1324.99,7120444.0,426.67,20.0
2023-11-22 17:18:11,22.01,20.83,25.46,31.5,1324.78,7122444.0,426.67,20.0
2023-11-22 17:18:13,22.01,20.85,25.45,31.54,1324.42,7124444.0,426.67,20.0
2023-11-22 17:18:15,22.01,20.87,25.46,31.51,1324.7,7126444.0,426.67,20.0
2023-11-22 17:18:17,22.01,20.83,25.46,31.59,1324.49,7128444.0,426.67,20.0
2023-11-22 17:18:19,22.01,20.91,25.48,31.6,1324.77,7130444.0,426.67,20.0
2023-11-22 17:18:21,21.99,20.81,25.46,31.68,1325.33,7132444.0,426.67,20.0
2023-11-22 17:18:24,22.01,20.83,25.48,31.66,1325.51,7134444.0,426.67,20.0
2023-11-22 17:18:26,22.01,20.77,25.46,31.68,1325.67,7136444.0,426.67,20.0
2023-11-22 17:18:28,21.97,20.77,25.48,31.71,1326.34,7138444.0,426.67,20.0
2023-11-22 17:18:30,22.01,20.85,25.48,31.75,1326.09,7140444.0,426.67,20.0
2023-11-22 17:18:32,22.01,20.79,25.48,31.72,1326.39,7142444.0,426.67,20.0
2023-11-22 17:18:34,22.01,20.87,25.49,31.74,1326.17,7144444.0,426.67,20.0
2023-11-22 17:18:36,21.99,20.85,25.46,31.72,1326.76,7146444.0,426.67,20.0
2023-11-22 17:18:38,22.01,20.81,25.48,31.74,1327.48,7148444.0,426.67,20.0
2023-11-22 17:18:40,22.01,20.87,25.46,31.77,1327.87,7150444.0,426.67,20.0
2023-11-22 17:18:42,22.01,20.73,25.48,31.74,1328.34,7152444.0,426.67,20.0
2023-11-22 17:18:44,22.01,20.83,25.48,31.75,1328.98,7154444.0,426.67,20.0
2023-11-22 17:18:46,21.99,20.89,25.5,31.83,1329.63,7156444.0,426.67,20.0
2023-11-22 17:18:48,21.99,20.83,25.46,31.72,1329.83,7158444.0,426.67,20.0
2023-11-22 17:18:50,21.99,20.87,25.5,31.76,1330.66,7160444.0,426.67,20.0
2023-11-22 17:18:52,22.01,20.81,25.48,31.77,1330.66,7162444.0,426.67,20.0
2023-11-22 17:18:54,22.01,20.77,25.48,31.74,1331.04,7164444.0,426.67,20.0
2023-11-22 17:18:56,22.01,20.93,25.5,31.81,1331.38,7166444.0,426.67,20.0
2023-12-06 18:22:09,21.51,22.07,22.77,29.55,892.58,2021926.0,273.33,103.33
2023-12-06 18:22:11,21.55,22.19,22.8,29.59,893.07,2023926.0,273.33,100.0
2023-12-06 18:22:13,21.51,22.09,22.78,29.59,892.95,2025926.0,273.33,100.0
2023-12-06 18:22:15,21.53,22.15,22.77,29.59,892.77,2027926.0,273.33,100.0
2023-12-06 18:22:17,21.51,22.09,22.78,29.6,893.15,2029926.0,273.33,103.33
2023-12-06 18:22:19,21.55,22.13,22.77,29.66,893.24,2031926.0,273.33,103.33
2023-12-06 18:22:21,21.55,22.11,22.8,29.59,893.69,2033926.0,273.33,103.33
2023-12-06 18:22:23,21.55,22.09,22.8,29.6,893.93,2035926.0,273.33,103.33
2023-12-06 18:22:25,21.55,22.13,22.8,29.63,893.52,2037926.0,273.33,103.33
2023-12-06 18:22:27,21.55,22.19,22.81,29.62,893.37,2039926.0,273.33,103.33
2023-12-06 18:22:29,21.57,22.13,22.8,29.59,893.22,2041926.0,273.33,103.33
2023-12-06 18:22:31,21.57,22.13,22.81,29.57,893.44,2043926.0,273.33,103.33
2023-12-06 18:22:33,21.57,22.11,22.8,29.55,893.26,2045926.0,273.33,103.33
2023-12-06 18:22:35,21.55,22.11,22.81,29.59,893.11,2047926.0,273.33,103.33
2023-12-06 18:22:37,21.57,22.13,22.81,29.57,893.5,2049926.0,273.33,103.33
2023-12-06 18:22:39,21.57,22.07,22.8,29.62,892.95,2051926.0,273.33,103.33
2023-12-06 18:22:41,21.57,22.11,22.8,29.55,893.36,2053926.0,273.33,103.33
2023-12-06 18:22:43,21.55,22.19,22.8,29.57,893.92,2055926.0,273.33,103.33
2023-12-06 18:22:45,21.57,22.13,22.81,29.56,893.87,2057926.0,273.33,103.33
2023-12-06 18:22:47,21.59,22.05,22.84,29.56,894.23,2059926.0,273.33,103.33
2023-12-06 18:22:49,21.57,22.09,22.81,29.49,894.64,2061926.0,273.33,103.33
2023-12-06 18:22:51,21.61,22.13,22.81,29.53,894.72,2063926.0,273.33,103.33
2023-12-06 18:22:53,21.59,22.13,22.86,29.52,895.06,2065926.0,273.33,103.33
2023-12-06 18:22:55,21.59,22.11,22.86,29.5,895.54,2067926.0,273.33,103.33
2023-12-06 18:22:57,21.61,22.07,22.81,29.55,895.28,2069926.0,273.33,103.33
2023-12-06 18:22:59,21.61,22.13,22.86,29.53,895.5,2071926.0,273.33,103.33
2023-12-06 18:23:01,21.61,22.17,22.86,29.52,895.66,2073926.0,273.33,103.33
2023-12-06 18:23:03,21.59,22.11,22.83,29.56,895.73,2075926.0,273.33,103.33
2023-12-06 18:23:05,21.57,22.07,22.83,29.55,895.65,2077926.0,273.33,103.33
2023-12-06 18:23:07,21.61,22.11,22.83,29.53,895.43,2079926.0,273.33,103.33
2023-12-06 18:23:09,21.63,22.17,22.81,29.57,895.44,2081926.0,273.33,103.33
2023-12-06 18:23:11,21.63,22.09,22.81,29.53,895.3,2083926.0,273.33,103.33
2023-12-06 18:23:13,21.63,22.19,22.81,29.53,895.62,2085926.0,273.33,103.33
2023-12-06 18:23:15,21.63,22.11,22.8,29.55,895.64,2087926.0,273.33,103.33
2023-12-06 18:23:17,21.63,22.11,22.78,29.54,895.73,2089926.0,273.33,103.33
2023-12-06 18:23:19,21.61,22.05,22.8,29.53,896.17,2091926.0,273.33,103.33
2023-12-06 18:23:21,21.65,22.25,22.81,29.55,896.69,2093926.0,273.33,103.33
2023-12-06 18:23:23,21.67,22.13,22.84,29.55,896.92,2095926.0,273.33,103.33
2023-12-06 18:23:25,21.65,22.23,22.84,29.53,896.92,2097926.0,273.33,103.33
2023-12-06 18:23:27,21.65,22.11,22.84,29.55,896.68,2099926.0,273.33,103.33
2023-12-06 18:23:29,21.63,22.17,22.81,29.55,896.96,2101926.0,273.33,103.33
2023-12-06 18:23:31,21.67,22.17,22.8,29.55,896.57,2103926.0,273.33,103.33
2023-12-06 18:23:33,21.65,22.13,22.8,29.59,897.0,2105926.0,273.33,103.33
2023-12-06 18:23:35,21.65,22.13,22.78,29.6,897.7,2107926.0,273.33,103.33
2023-12-06 18:23:37,21.65,22.21,22.8,29.6,897.42,2109926.0,273.33,103.33
2023-12-06 18:23:39,21.67,22.17,22.8,29.63,897.81,2111926.0,273.33,103.33
2023-12-06 18:23:41,21.67,22.11,22.77,29.6,898.12,2113926.0,273.33,103.33
2023-12-06 18:23:43,21.69,22.19,22.75,29.59,897.98,2115926.0,273.33,103.33
2023-12-06 18:23:45,21.67,22.11,22.77,29.63,897.9,2117926.0,273.33,103.33
2023-12-06 18:23:47,21.69,22.11,22.78,29.62,897.93,2119926.0,273.33,103.33
2023-12-06 18:23:49,21.63,21.99,22.77,29.63,897.73,2121926.0,273.33,103.33
2023-12-06 18:23:51,21.71,22.15,22.8,29.59,897.53,2123926.0,273.33,103.33
2023-12-06 18:23:53,21.69,22.21,22.78,29.56,897.19,2125926.0,273.33,103.33
2023-12-06 18:23:55,21.69,22.17,22.8,29.63,897.02,2127926.0,273.33,103.33
2023-12-06 18:23:57,21.69,22.17,22.8,29.6,897.19,2129926.0,273.33,103.33
2023-12-06 18:23:59,21.67,22.23,22.8,29.63,897.36,2131926.0,273.33,103.33
2023-12-06 18:24:01,21.67,22.15,22.78,29.62,897.61,2133926.0,273.33,103.33
2023-12-06 18:24:03,21.69,22.17,22.78,29.6,898.38,2135926.0,273.33,103.33
2023-12-06 18:24:05,21.69,22.17,22.78,29.6,898.6,2137926.0,273.33,103.33
2023-12-06 18:24:07,21.71,22.17,22.8,29.63,898.67,2139926.0,273.33,103.33
2023-12-06 18:24:09,21.71,22.17,22.8,29.6,899.04,2141926.0,273.33,103.33
2023-12-06 18:24:11,21.69,22.19,22.81,29.56,898.82,2143926.0,273.33,103.33
2023-12-06 18:24:13,21.71,22.15,22.8,29.59,898.48,2145926.0,273.33,103.33
2023-12-06 18:24:15,21.71,22.17,22.75,29.54,898.3,2147926.0,273.33,103.33
2023-12-06 18:24:17,21.75,22.17,22.81,29.59,898.58,2149926.0,273.33,103.33
2023-12-06 18:24:19,21.71,22.19,22.8,29.63,898.74,2151926.0,273.33,103.33
2023-12-06 18:24:21,21.73,22.19,22.8,29.59,898.48,2153926.0,273.33,103.33
2023-12-06 18:24:23,21.73,22.19,22.8,29.55,898.23,2155926.0,273.33,103.33
2023-12-06 18:24:25,21.71,22.17,22.78,29.62,898.4,2157926.0,273.33,103.33
2023-12-06 18:24:27,21.77,22.11,22.78,29.59,897.86,2159926.0,273.33,103.33
2023-12-06 18:24:29,21.73,22.11,22.8,29.57,897.69,2161926.0,273.33,103.33
2023-12-06 18:24:31,21.73,22.09,22.83,29.61,898.13,2163926.0,273.33,103.33
2023-12-06 18:24:33,21.75,22.21,22.78,29.57,897.55,2165926.0,273.33,103.33
2023-12-06 18:24:35,21.73,22.15,22.84,29.53,897.73,2167926.0,273.33,103.33
2023-12-06 18:24:37,21.75,22.09,22.81,29.56,897.56,2169926.0,273.33,103.33
2023-12-06 18:24:39,21.73,22.13,22.83,29.47,898.16,2171926.0,273.33,103.33
2023-12-06 18:24:41,21.77,22.15,22.83,29.56,898.02,2173926.0,273.33,103.33
2023-12-06 18:24:43,21.75,22.21,22.81,29.56,898.13,2175926.0,273.33,103.33
2023-12-06 18:24:45,21.75,22.21,22.84,29.52,898.44,2177926.0,273.33,103.33
2023-12-06 18:24:47,21.75,22.17,22.84,29.53,898.55,2179926.0,273.33,103.33
2023-12-06 18:24:49,21.77,22.21,22.86,29.53,898.23,2181926.0,273.33,103.33
2023-12-06 18:24:51,21.75,22.27,22.86,29.59,898.72,2183926.0,246.67,80.0
2023-12-06 18:24:53,21.77,22.27,22.84,29.52,898.34,2185926.0,120.0,40.0
2023-12-06 18:24:55,21.77,22.33,22.89,29.51,897.86,2187926.0,80.0,46.67
2023-12-06 18:24:57,21.77,22.37,22.9,29.52,897.75,2189926.0,80.0,43.33
2023-12-06 18:24:59,21.77,22.71,22.91,29.48,899.17,2191926.0,80.0,40.0
2023-12-06 18:25:01,21.77,22.21,22.87,29.4,899.98,2193926.0,93.33,46.67
2023-12-06 18:25:03,21.75,22.39,22.9,29.46,901.33,2195926.0,103.33,50.0
2023-12-06 18:25:05,21.71,23.01,22.83,29.46,903.33,2197926.0,86.67,166.67
2023-12-06 18:25:07,21.73,22.35,22.86,29.48,894.46,2199926.0,66.67,30.0
2023-12-06 18:25:09,21.69,21.99,22.91,29.51,859.87,2201926.0,76.67,43.33
2023-12-06 18:25:11,21.67,22.39,22.9,29.48,857.19,2203926.0,343.33,46.67
2023-12-06 18:25:13,21.63,22.01,22.94,29.44,833.32,2205926.0,636.67,50.0
2023-12-06 18:25:15,21.61,22.29,22.95,29.43,827.32,2207926.0,690.0,53.33
2023-12-06 18:25:17,21.59,22.27,22.98,29.38,833.43,2209926.0,473.33,63.33
2023-12-06 18:25:19,21.57,22.47,23.02,29.35,847.6,2211926.0,226.67,86.67
2023-12-06 18:25:21,21.55,22.55,23.01,29.32,860.13,2213926.0,163.33,103.33
2023-12-06 18:25:23,21.55,22.37,23.01,29.32,901.61,2215926.0,183.33,120.0
2023-12-06 18:25:25,21.53,22.35,23.02,29.31,964.33,2217926.0,200.0,93.33
2023-12-06 18:25:27,21.57,22.29,23.02,29.28,1057.12,2219926.0,226.67,93.33
2023-12-06 18:25:29,21.55,22.13,23.0,29.28,1046.54,2221926.0,236.67,26.67
2023-12-06 18:25:31,21.53,21.85,23.01,29.28,1018.84,2223926.0,243.33,6.67
2023-12-06 18:25:33,21.53,22.09,23.01,29.26,997.72,2225926.0,256.67,10.0
2023-12-06 18:25:35,21.53,22.01,23.04,29.31,984.0,2227926.0,383.33,20.0
2023-12-06 18:25:37,21.51,22.05,23.04,29.27,969.98,2229926.0,643.33,40.0
2023-12-06 18:25:39,21.51,22.19,23.05,29.27,957.43,2231926.0,853.33,40.0
2023-12-06 18:25:41,21.47,22.11,23.05,29.21,941.44,2233926.0,666.67,40.0
2023-12-06 18:25:43,21.45,21.97,23.09,29.23,924.26,2235926.0,396.67,43.33
2023-12-06 18:25:45,21.47,22.07,23.15,29.16,891.28,2237926.0,240.0,60.0
2023-12-06 18:25:47,21.45,22.25,23.14,29.17,909.7,2239926.0,256.67,80.0
2023-12-06 18:25:49,21.45,22.23,23.12,29.14,925.52,2241926.0,260.0,106.67
2023-12-06 18:25:51,21.45,22.15,23.07,29.12,928.74,2243926.0,263.33,106.67
2023-12-06 18:25:53,21.43,22.19,23.04,29.16,934.37,2245926.0,260.0,106.67
2023-12-06 18:25:55,21.49,22.17,23.02,29.15,930.46,2247926.0,260.0,106.67
2023-12-06 18:25:57,21.47,22.17,23.04,29.21,926.24,2249926.0,260.0,106.67
2023-12-06 18:25:59,21.45,22.03,23.05,29.21,923.71,2251926.0,260.0,106.67
2023-12-06 18:26:01,21.45,22.13,23.01,29.25,923.05,2253926.0,263.33,106.67
2023-12-06 18:26:03,21.47,22.19,23.05,29.22,920.15,2255926.0,260.0,106.67
2023-12-06 18:26:05,21.51,22.23,23.05,29.24,917.31,2257926.0,260.0,106.67
2023-12-06 18:26:07,21.47,22.21,23.05,29.22,914.81,2259926.0,260.0,106.67
2023-12-06 18:26:09,21.47,22.25,23.04,29.22,914.75,2261926.0,263.33,106.67
2023-12-06 18:26:11,21.51,22.17,23.01,29.25,913.06,2263926.0,260.0,106.67
2023-12-06 18:26:13,21.51,22.19,23.02,29.23,910.16,2265926.0,260.0,103.33
2023-12-06 18:26:15,21.53,22.27,23.02,29.28,907.12,2267926.0,260.0,106.67
2023-12-06 18:26:17,21.51,22.17,23.0,29.22,905.77,2269926.0,260.0,106.67
2023-12-06 18:26:19,21.51,22.15,23.0,29.28,905.48,2271926.0,263.33,106.67
2023-12-06 18:26:21,21.51,22.09,23.0,29.28,904.06,2273926.0,260.0,106.67
2023-12-06 18:26:23,21.53,22.17,22.97,29.31,903.61,2275926.0,260.0,106.67
2023-12-06 18:26:25,21.51,22.25,23.0,29.32,903.58,2277926.0,260.0,106.67
2023-12-06 18:26:27,21.55,22.21,22.98,29.29,903.16,2279926.0,263.33,103.33
2023-12-06 18:26:29,21.51,22.21,22.98,29.25,902.27,2281926.0,263.33,103.33
2023-12-06 18:26:31,21.55,22.21,23.0,29.32,901.78,2283926.0,260.0,103.33
2023-12-06 18:26:33,21.57,22.17,23.0,29.31,902.64,2285926.0,260.0,106.67
2023-12-06 18:26:35,21.53,22.17,22.97,29.34,902.82,2287926.0,260.0,103.33
2023-12-06 18:26:37,21.57,22.21,22.94,29.36,901.11,2289926.0,263.33,106.67
2023-12-06 18:26:39,21.57,22.15,22.97,29.32,901.12,2291926.0,260.0,106.67
2023-12-06 18:26:41,21.57,22.19,22.95,29.39,901.4,2293926.0,263.33,106.67
2023-12-06 18:26:43,21.57,22.19,22.98,29.29,900.88,2295926.0,260.0,106.67
2023-12-06 18:26:45,21.55,22.19,22.95,29.36,899.05,2297926.0,260.0,106.67
2023-12-06 18:26:47,21.53,22.27,22.94,29.38,898.54,2299926.0,260.0,106.67
2023-12-06 18:26:49,21.59,22.25,22.95,29.38,899.86,2301926.0,263.33,106.67
2023-12-06 18:26:51,21.57,22.25,22.95,29.31,898.66,2303926.0,260.0,103.33
2023-12-06 18:26:53,21.55,22.11,22.93,29.41,898.38,2305926.0,260.0,106.67
2023-12-06 18:26:55,21.61,22.27,22.94,29.32,898.89,2307926.0,260.0,106.67
2023-12-06 18:26:57,21.59,22.23,22.93,29.36,898.26,2309926.0,263.33,106.67
2023-12-06 18:26:59,21.59,22.35,22.91,29.43,897.11,2311926.0,263.33,103.33
2023-12-06 18:27:01,21.63,22.23,22.91,29.37,896.87,2313926.0,260.0,103.33
