Time,Status,CO2,Temperature,Humidity,Pressure,Photo,Battery,HWVersion,SWVersion,rssi
2023-06-08 10:43:29.174349,13,504,2681,3550,9653985,18652,4648,2,6,-88
2023-06-08 10:43:34.218260,14,503,2682,3552,9653900,18780,4650,2,6,-88
2023-06-08 10:44:01.078127,15,503,2681,3553,9653930,18674,4648,2,6,-93
2023-06-08 10:44:11.220177,0,503,2682,3553,9653835,18718,4649,2,6,-90
2023-06-08 10:44:22.055385,1,502,2681,3553,9653715,18676,4651,2,6,-89
2023-06-08 10:44:43.041947,2,503,2682,3554,9653840,18882,4652,2,6,-90
2023-06-08 10:45:24.183659,4,503,2682,3558,9653927,18724,4651,2,6,-83
2023-06-08 10:45:29.212824,5,503,2683,3559,9653934,18708,4651,2,6,-84
2023-06-08 10:46:01.083873,7,502,2685,3562,9653872,18780,4649,2,6,-88
2023-06-08 10:58:02.326056,2,496,2696,3520,9653719,18796,4648,2,6,-92
2023-06-08 10:58:34.109162,4,496,2696,3522,9653580,18696,4651,2,6,-89
2023-06-08 10:58:49.264730,5,496,2696,3523,9653545,18702,4649,2,6,-84
2023-06-08 11:03:04.287972,4,495,2700,3485,9653270,18838,4650,2,6,-89
2023-06-08 11:03:10.051551,5,495,2700,3494,9653078,18808,4652,2,6,-88
2023-06-08 11:03:25.218766,6,496,2701,3497,9653267,18800,4650,2,6,-83
2023-06-08 11:03:46.241639,7,496,2702,3501,9653474,18832,4651,2,6,-83
2023-06-08 11:05:08.252572,12,499,2703,3505,9653184,18908,4648,2,6,-87
2023-06-08 11:05:24.174568,13,499,2702,3506,9653104,18808,4649,2,6,-86
2023-06-08 11:06:08.233056,15,501,2704,3508,9653164,18906,4651,2,6,-92
2023-06-08 11:06:13.317036,0,502,2704,3508,9653326,18918,4652,2,6,-89
2023-06-08 11:06:40.032396,1,502,2704,3509,9653301,18920,4648,2,6,-89
2023-06-08 11:07:00.204956,3,502,2705,3509,9653341,18934,4649,2,6,-84
2023-06-08 11:07:27.043192,4,502,2706,3504,9653395,18942,4649,2,6,-89
2023-06-08 11:07:37.186150,5,502,2706,3501,9653191,18876,4650,2,6,-89
2023-06-08 11:07:53.084712,6,502,2706,3500,9653213,18934,4648,2,6,-89
2023-06-08 11:08:19.079134,7,502,2706,3502,9653113,18904,4648,2,6,-89
2023-06-08 11:08:24.127518,8,502,2706,3502,9652869,18900,4646,2,6,-90
2023-06-08 11:08:55.208817,9,502,2707,3501,9652871,18896,4650,2,6,-89
2023-06-08 11:09:11.119460,10,502,2708,3502,9653130,18938,4650,2,6,-85
2023-06-08 11:09:16.156351,11,502,2708,3504,9652963,18916,4650,2,6,-89
2023-06-08 11:09:58.078314,13,502,2709,3505,9653062,18976,4649,2,6,-89
2023-06-08 11:10:24.042335,15,502,2710,3503,9653234,18910,4650,2,6,-90
2023-06-08 11:11:10.276817,2,504,2710,3505,9653104,18890,4649,2,6,-89
2023-06-08 11:11:26.126478,3,504,2711,3506,9653074,18914,4648,2,6,-89
2023-06-08 11:11:47.094255,4,504,2711,3507,9653141,18892,4649,2,6,-89
2023-06-08 11:12:24.058439,6,505,2712,3505,9653366,18858,4650,2,6,-89
2023-06-08 11:12:39.234364,7,506,2713,3503,9653253,18958,4648,2,6,-89
2023-06-08 11:12:50.042892,8,506,2713,3503,9653258,18868,4648,2,6,-89
2023-06-08 11:13:05.244590,9,506,2712,3503,9653091,18914,4649,2,6,-85
2023-06-08 11:13:31.303270,10,507,2713,3500,9653338,18920,4648,2,6,-86
2023-06-08 11:13:37.056815,11,507,2713,3500,9653106,18864,4649,2,6,-87
2023-06-08 11:14:08.160705,12,507,2713,3499,9653198,18812,4648,2,6,-88
2023-06-08 11:14:13.222324,13,507,2714,3497,9653305,18826,4650,2,6,-90
2023-06-08 11:14:34.181023,14,506,2714,3494,9653160,18832,4649,2,6,-86
2023-06-08 11:15:11.108286,0,505,2715,3487,9653502,18784,4649,2,6,-94
2023-06-08 11:15:37.196784,2,505,2715,3487,9653205,18654,4649,2,6,-87
2023-06-08 11:15:53.124093,3,506,2715,3489,9653215,18704,4648,2,6,-84
2023-06-08 11:16:08.289314,4,505,2715,3491,9653133,18574,4650,2,6,-89
2023-06-08 11:16:35.053880,5,506,2716,3492,9653147,18724,4648,2,6,-86
2023-06-08 11:16:45.184608,6,507,2716,3495,9653177,18818,4648,2,6,-86
2023-06-08 11:17:06.177065,7,507,2717,3503,9653157,18722,4648,2,6,-86
2023-06-08 11:17:38.039998,9,510,2717,3520,9653132,18722,4648,2,6,-88
2023-06-08 11:17:48.197336,10,512,2717,3519,9653057,18738,4649,2,6,-87
2023-06-08 11:18:04.059616,11,515,2717,3520,9653167,18744,4648,2,6,-88
2023-06-08 11:18:19.219009,12,518,2717,3520,9653052,18676,4650,2,6,-87
2023-06-08 11:18:51.050157,13,520,2718,3521,9653234,18708,4651,2,6,-84
2023-06-08 11:40:52.176366,13,483,2737,3365,9650981,17386,4651,2,6,-87
2023-06-08 11:41:03.068812,14,483,2737,3376,9650911,17252,4651,2,6,-88
2023-06-08 11:41:29.064320,15,482,2736,3365,9650831,17212,4649,2,6,-88
2023-06-08 11:41:34.162608,0,481,2736,3327,9650814,17246,4649,2,6,-84
2023-06-08 11:41:50.027518,1,480,2736,3300,9650988,17228,4647,2,6,-91
2023-06-08 11:42:05.219723,2,479,2736,3317,9651088,17330,4650,2,6,-87
2023-06-08 11:42:52.171496,4,478,2736,3347,9651093,18184,4648,2,6,-89
2023-06-08 11:43:08.056688,5,477,2736,3358,9650979,18384,4648,2,6,-91
2023-06-08 14:22:47.169048,8,441,2782,3043,9635044,17606,4647,2,6,-89
2023-06-08 14:23:03.035256,9,440,2782,3037,9635009,17592,4648,2,6,-90
2023-06-08 14:23:18.212859,10,439,2782,3041,9635005,17620,4650,2,6,-89
2023-06-08 14:23:39.185938,11,437,2781,3034,9635030,17614,4647,2,6,-84
2023-06-08 14:24:21.131467,13,436,2782,3046,9634904,17604,4651,2,6,-84
2023-06-08 14:24:31.280647,14,436,2781,3053,9634741,17626,4649,2,6,-83
2023-06-08 14:24:42.108795,15,435,2781,3058,9634688,17620,4648,2,6,-82
2023-06-08 14:25:03.137884,0,434,2780,3051,9634809,17580,4647,2,6,-84
2023-06-08 14:25:13.277951,1,433,2780,3033,9634801,17662,4648,2,6,-86
2023-06-08 14:25:29.219592,2,433,2780,3032,9634704,17656,4649,2,6,-86
2023-06-08 14:25:50.087807,3,434,2780,3019,9634796,17592,4647,2,6,-84
2023-06-08 14:26:16.114496,4,434,2780,3000,9634827,17636,4646,2,6,-84
2023-06-08 14:26:26.220289,5,435,2780,3002,9634979,17616,4649,2,6,-84
2023-06-08 14:26:47.246680,6,435,2780,3019,9634962,17578,4648,2,6,-84
2023-06-08 14:26:53.061358,7,435,2780,3028,9635036,17582,4649,2,6,-85
2023-06-08 14:27:29.219940,9,434,2778,3029,9634973,17570,4649,2,6,-86
2023-06-08 14:27:45.113515,10,435,2779,3037,9634947,17580,4648,2,6,-85
2023-06-08 14:28:06.023420,11,435,2779,3045,9634935,17614,4648,2,6,-86
2023-06-08 14:28:16.152934,12,435,2779,3047,9634598,17648,4647,2,6,-85
2023-06-08 14:28:47.222295,13,435,2779,3050,9634760,17630,4649,2,6,-86
2023-06-08 14:28:52.282579,14,435,2779,3058,9634720,17646,4646,2,6,-85
2023-06-08 14:29:24.103602,0,436,2779,3065,9634528,17574,4648,2,6,-87
2023-06-08 14:29:45.029757,1,436,2779,3069,9634545,17584,4648,2,6,-92
2023-06-08 14:30:00.273333,2,436,2779,3065,9634620,17624,4646,2,6,-92
2023-06-08 14:30:21.255860,3,437,2780,3070,9634717,17662,4648,2,6,-85
2023-06-08 14:30:27.038222,4,436,2779,3067,9634603,17632,4647,2,6,-86
2023-06-08 14:30:47.286298,5,436,2780,3054,9634769,17696,4648,2,6,-92
2023-06-08 14:31:03.175986,6,436,2779,3047,9634690,17676,4648,2,6,-84
2023-06-08 14:31:19.025880,7,436,2779,3015,9634498,17620,4647,2,6,-94
2023-06-08 14:31:34.249656,8,436,2779,3025,9634345,17628,4646,2,6,-85
2023-06-08 14:32:06.038753,9,436,2780,3036,9634337,17556,4648,2,6,-87
2023-06-08 14:32:37.116012,11,437,2779,3053,9634148,17568,4647,2,6,-84
2023-06-08 14:33:08.193518,13,436,2779,3006,9634188,17600,4646,2,6,-84
2023-06-08 14:33:24.110501,14,436,2780,2984,9634035,17602,4645,2,6,-93
2023-06-08 14:33:34.266872,15,436,2780,2995,9634132,17574,4647,2,6,-84
2023-06-08 14:34:00.189510,0,436,2780,3007,9634050,17534,4646,2,6,-85
2023-06-08 14:34:10.323627,1,435,2781,3016,9633919,17498,4647,2,6,-93
2023-06-08 14:34:26.202740,2,435,2781,3000,9634042,17502,4646,2,6,-92
2023-06-08 14:34:47.136009,3,435,2781,2976,9634086,17592,4647,2,6,-91
2023-06-08 14:35:03.106831,4,435,2781,2979,9634156,17516,4648,2,6,-91
2023-06-08 14:35:13.217833,5,434,2781,2954,9634069,17504,4645,2,6,-86
2023-06-08 14:35:44.283035,7,434,2782,2959,9634008,17560,4648,2,6,-93
2023-06-08 14:36:16.099635,9,433,2782,2990,9633811,17556,4646,2,6,-90
2023-06-08 14:36:37.045212,10,433,2782,3002,9633856,17610,4647,2,6,-92
2023-06-08 14:37:13.112634,12,432,2781,3020,9633772,17518,4648,2,6,-86
2023-06-08 14:37:23.206985,13,433,2782,3020,9633816,17586,4648,2,6,-86
2023-06-08 14:38:05.106920,15,433,2782,3023,9633965,17502,4646,2,6,-93
2023-06-08 14:38:31.117009,1,434,2783,3025,9633765,17568,4646,2,6,-87
2023-06-08 14:39:08.032870,3,434,2783,3036,9633810,17616,4648,2,6,-88
2023-06-08 14:39:28.231394,4,434,2784,3019,9633644,17604,4649,2,6,-87
2023-06-08 14:39:44.143679,5,434,2783,3005,9633752,17522,4648,2,6,-84
2023-06-08 14:40:05.188412,6,433,2785,3004,9633903,17570,4648,2,6,-86
2023-06-08 14:40:10.237129,7,433,2784,3004,9633749,17582,4649,2,6,-92
2023-06-08 14:40:47.056312,9,433,2785,2981,9633528,17582,4647,2,6,-92
2023-06-08 14:41:13.032633,10,433,2784,2983,9633300,17622,4649,2,6,-85
2023-06-08 14:41:18.101387,11,433,2784,3000,9633462,17622,4649,2,6,-90
2023-06-08 14:41:38.299894,12,433,2785,3012,9633466,17614,4650,2,6,-85
2023-06-08 14:41:54.129058,13,433,2784,3020,9633322,17612,4648,2,6,-93
2023-06-08 14:42:04.259372,14,433,2785,3020,9633454,17602,4648,2,6,-93
2023-06-08 14:42:25.146629,15,434,2785,3025,9633878,17596,4648,2,6,-86
2023-06-08 14:42:46.094189,0,434,2785,3024,9633633,17530,4647,2,6,-94
2023-06-08 14:43:01.270051,1,434,2785,3012,9633860,17562,4648,2,6,-91
2023-06-08 14:43:17.147880,2,434,2785,2970,9633711,17596,4648,2,6,-85
2023-06-08 14:43:32.304558,3,433,2786,2971,9634102,17584,4648,2,6,-84
2023-06-08 14:43:43.132545,4,433,2785,2981,9633646,17628,4647,2,6,-90
2023-06-08 14:43:59.042716,5,432,2785,2991,9633616,17600,4647,2,6,-90
2023-06-08 14:44:35.017228,7,431,2785,2977,9633903,17614,4649,2,6,-89
2023-06-08 14:44:50.225555,8,431,2784,2990,9633789,17594,4648,2,6,-86
2023-06-08 14:45:16.222665,9,431,2784,2995,9633317,17584,4647,2,6,-86
2023-06-08 14:45:27.060690,10,430,2783,2989,9633735,17582,4647,2,6,-91
2023-06-08 14:45:53.044646,11,430,2783,2977,9633708,17532,4648,2,6,-86
2023-06-08 14:45:58.080511,12,430,2782,2961,9633878,17596,4648,2,6,-92
2023-06-08 14:46:13.226598,13,429,2781,2946,9633640,17612,4650,2,6,-91
2023-06-08 14:46:29.059689,14,430,2780,2939,9633386,17678,4648,2,6,-93
2023-06-08 14:46:44.253166,15,429,2779,2941,9633699,17584,4648,2,6,-86
2023-06-08 14:47:16.025164,0,428,2778,2932,9633487,17674,4648,2,6,-85
2023-06-08 14:47:47.061703,2,429,2777,2953,9633306,17576,4648,2,6,-85
2023-06-08 14:47:52.091372,3,428,2777,2964,9633039,17604,4650,2,6,-93
2023-06-08 14:48:23.206947,4,429,2777,2977,9633297,17678,4647,2,6,-83
2023-06-08 14:48:28.243366,5,429,2777,2981,9633174,17610,4648,2,6,-83
2023-06-08 14:48:59.213410,7,429,2777,2984,9633057,17604,4648,2,6,-92
2023-06-08 14:49:30.212731,9,429,2776,2985,9632693,17666,4648,2,6,-94
2023-06-08 14:50:07.080510,11,428,2776,2972,9632648,17646,4649,2,6,-84
2023-06-08 14:50:28.086148,12,428,2777,2940,9632685,17634,4650,2,6,-83
2023-06-08 14:50:38.255024,13,427,2776,2933,9632658,17736,4648,2,6,-80
2023-06-08 14:50:59.150676,14,427,2776,2926,9632623,17640,4648,2,6,-88
2023-06-08 14:51:15.063937,15,427,2776,2941,9632553,17660,4650,2,6,-82
2023-06-08 14:51:30.239387,0,425,2776,2951,9632803,17670,4647,2,6,-92
2023-06-08 14:51:46.098171,1,426,2776,2951,9632780,17692,4648,2,6,-88
2023-06-08 14:52:02.043612,2,426,2776,2956,9632636,17690,4647,2,6,-83
2023-06-08 14:52:22.245950,3,425,2776,2961,9632509,17698,4646,2,6,-87
2023-06-08 16:03:24.305358,4,474,2781,3037,9627500,17846,4648,2,6,-95
2023-06-08 16:03:35.184171,5,474,2781,3040,9627500,17858,4649,2,6,-93
2023-06-08 16:03:46.021361,6,474,2781,3044,9627278,17858,4648,2,6,-83
2023-06-08 16:04:12.028207,7,475,2780,3051,9627391,17672,4647,2,6,-91
2023-06-08 16:04:27.242128,8,476,2780,3055,9627024,17686,4647,2,6,-86
2023-06-08 16:04:38.090745,9,476,2780,3059,9627059,17890,4648,2,6,-90
2023-06-08 16:04:53.354456,10,476,2781,3055,9627243,17834,4648,2,6,-85
2023-06-08 16:05:09.223751,11,476,2781,3055,9627226,17866,4647,2,6,-90
2023-06-08 16:05:25.100105,12,476,2781,3052,9627265,17908,4645,2,6,-91
2023-06-08 16:05:51.031342,13,476,2781,3048,9627226,17792,4648,2,6,-84
2023-06-08 16:06:06.180966,14,476,2780,3043,9626884,17852,4645,2,6,-89
2023-06-08 16:06:22.103090,15,477,2781,3040,9627252,17752,4647,2,6,-91
2023-06-08 16:06:32.241795,0,477,2781,3034,9627168,17800,4648,2,6,-85
2023-06-08 16:07:03.232641,1,478,2781,3030,9627151,17808,4647,2,6,-90
2023-06-08 16:07:08.352210,2,479,2781,3031,9627218,17834,4645,2,6,-90
2023-06-08 16:07:24.253422,3,479,2781,3032,9627090,17818,4649,2,6,-91
2023-06-08 16:07:56.039990,5,479,2781,3029,9627235,17852,4647,2,6,-84
2023-06-08 16:08:16.308218,6,479,2782,3027,9627065,17830,4647,2,6,-85
2023-06-08 16:08:38.054973,7,480,2781,3023,9627073,17872,4646,2,6,-85
2023-06-08 16:08:48.247509,8,480,2781,3022,9627090,17900,4647,2,6,-91
2023-06-08 16:09:09.243351,9,480,2782,3021,9627152,17834,4646,2,6,-85
2023-06-08 16:09:25.212904,10,480,2782,3020,9627222,17856,4647,2,6,-90
2023-06-08 16:09:41.037902,11,480,2782,3021,9627372,17870,4647,2,6,-85
2023-06-08 16:09:51.127699,12,480,2781,3021,9627270,17782,4646,2,6,-89
2023-06-08 16:10:12.049555,13,481,2782,3020,9627484,17816,4649,2,6,-84
2023-06-08 16:10:27.206398,14,482,2782,3017,9627472,17870,4648,2,6,-90
2023-06-08 16:10:53.224709,15,481,2782,3017,9627586,17898,4646,2,6,-90
2023-06-08 16:10:58.313416,0,481,2782,3017,9627249,17922,4646,2,6,-89
2023-06-08 16:11:14.173659,1,482,2783,3019,9627259,17908,4648,2,6,-85
2023-06-08 16:11:35.106166,2,482,2782,3020,9627337,17970,4647,2,6,-90
2023-06-08 16:11:56.241084,3,482,2782,3021,9627564,18010,4649,2,6,-89
2023-06-08 16:12:22.271873,5,481,2782,3016,9627359,17974,4647,2,6,-90
2023-06-08 16:12:54.035920,7,481,2782,3000,9627236,18014,4649,2,6,-85
2023-06-08 16:13:14.224403,8,481,2783,3001,9627066,17852,4647,2,6,-89
2023-06-08 16:13:51.076951,10,480,2782,2987,9626887,18066,4648,2,6,-84
2023-06-08 16:14:01.162050,11,480,2782,2976,9626817,18028,4648,2,6,-89
2023-06-08 16:14:17.045703,12,478,2783,2962,9627001,18058,4648,2,6,-83
2023-06-08 16:14:32.176176,13,476,2783,2954,9627014,18040,4646,2,6,-83
2023-06-08 16:15:09.043886,15,473,2783,2940,9626927,18090,4649,2,6,-82
2023-06-08 16:15:35.026785,0,471,2783,2938,9627089,18026,4647,2,6,-83
2023-06-08 16:15:40.078983,1,470,2782,2933,9626917,18008,4646,2,6,-90
2023-06-08 16:16:01.054807,2,468,2783,2935,9626966,18074,4650,2,6,-83
2023-06-08 16:16:11.194606,3,467,2783,2936,9626971,18032,4647,2,6,-83
2023-06-08 16:16:32.136914,4,466,2783,2940,9626857,17958,4646,2,6,-89
2023-06-08 16:16:47.288773,5,465,2782,2943,9626620,18008,4648,2,6,-83
2023-06-08 16:17:14.081440,6,465,2783,2945,9626739,18026,4647,2,6,-89
2023-06-08 16:17:19.127007,7,465,2782,2945,9626625,18064,4648,2,6,-82
2023-06-08 16:17:40.151214,8,466,2782,2943,9626677,18044,4648,2,6,-84
2023-06-08 16:17:50.260679,9,466,2783,2944,9626831,18066,4649,2,6,-82
2023-06-08 16:18:21.282965,10,466,2782,2940,9626672,18018,4647,2,6,-84
2023-06-08 16:18:53.062886,12,466,2783,2931,9626836,18112,4650,2,6,-89
2023-06-08 16:18:58.102057,13,466,2783,2927,9626512,18072,4646,2,6,-84
2023-06-08 16:19:55.262037,0,463,2783,2922,9626687,18080,4648,2,6,-83
2023-06-08 16:20:22.042314,2,461,2783,2912,9626704,18030,4647,2,6,-88
2023-06-09 10:40:24.617557,1,493,2630,4133,9638509,18638,4645,2,6,-98
2023-06-09 10:40:55.684350,3,494,2631,4133,9638459,18588,4645,2,6,-91
2023-06-09 10:41:11.587764,4,494,2631,4131,9638389,18562,4647,2,6,-93
2023-06-09 10:41:27.490959,5,494,2632,4131,9638509,18574,4647,2,6,-93
2023-06-09 10:42:08.709285,7,494,2633,4130,9638451,18610,4648,2,6,-91
2023-06-09 10:42:14.494376,8,495,2632,4131,9638175,18666,4646,2,6,-96
2023-06-09 10:42:29.674202,9,495,2633,4130,9638351,18590,4648,2,6,-91
2023-06-09 10:43:01.487808,10,495,2634,4125,9638304,18548,4646,2,6,-96
2023-06-09 10:43:21.711916,12,495,2635,4120,9638154,18518,4646,2,6,-95
2023-06-09 10:43:47.645614,13,495,2635,4118,9638050,18568,4648,2,6,-90
2023-06-09 10:44:03.546568,14,495,2636,4116,9638099,18594,4648,2,6,-96
2023-06-09 10:44:08.603865,15,494,2636,4115,9637947,18572,4649,2,6,-95
2023-06-09 10:44:34.630973,0,494,2637,4115,9638176,18542,4647,2,6,-98
2023-06-09 10:45:05.725517,2,493,2638,4119,9637987,18500,4648,2,6,-97
2023-06-09 10:45:21.616629,3,492,2638,4116,9637747,18586,4646,2,6,-92
2023-06-09 10:45:32.496088,4,491,2639,4116,9637810,18562,4647,2,6,-93
2023-06-09 10:46:18.692092,6,490,2640,4115,9637904,18550,4648,2,6,-88
2023-06-09 10:46:24.473887,7,490,2641,4110,9638011,18558,4646,2,6,-90
2023-06-09 10:46:55.491368,9,490,2642,4110,9637712,18520,4647,2,6,-88
2023-06-09 10:47:10.615853,10,490,2643,4110,9637801,18570,4646,2,6,-89
2023-06-09 10:47:31.617481,11,490,2642,4111,9637477,18580,4649,2,6,-90
2023-06-09 10:47:52.517967,12,490,2643,4111,9637632,18500,4649,2,6,-90
2023-06-09 10:48:02.599664,13,490,2644,4113,9637743,18550,4648,2,6,-84
2023-06-09 10:48:18.477702,14,490,2644,4112,9637629,18550,4649,2,6,-84
2023-06-09 10:48:44.497484,15,489,2644,4110,9637569,18518,4647,2,6,-87
2023-06-09 10:49:05.483193,0,488,2645,4112,9637492,18532,4649,2,6,-87
2023-06-09 10:49:10.532582,1,487,2645,4112,9637369,18438,4645,2,6,-90
2023-06-09 10:49:25.784858,2,486,2645,4112,9637404,18566,4646,2,6,-90
2023-06-09 10:49:41.547849,3,486,2644,4109,9637277,18484,4644,2,6,-95
2023-06-09 10:49:56.712600,4,486,2645,4110,9637631,18506,4646,2,6,-91
2023-06-09 10:50:22.674770,5,485,2645,4116,9637571,18472,4647,2,6,-90
2023-06-09 10:50:43.595547,6,483,2645,4121,9637559,18536,4647,2,6,-95
2023-06-09 10:50:48.728875,7,482,2646,4114,9637441,18538,4647,2,6,-85
2023-06-09 10:51:04.602482,8,481,2645,4112,9637379,18442,4645,2,6,-97
2023-06-09 10:51:30.563868,9,481,2645,4119,9637571,18578,4646,2,6,-86
2023-06-09 10:51:46.488272,10,482,2645,4121,9637524,18430,4645,2,6,-84
2023-06-09 10:52:01.650805,11,482,2645,4121,9637466,18466,4645,2,6,-96
2023-06-09 10:52:17.555816,12,482,2645,4118,9637419,18464,4645,2,6,-95
2023-06-09 10:52:27.637128,13,481,2646,4113,9637529,18498,4648,2,6,-94
2023-06-09 10:52:58.675016,14,481,2645,4109,9637327,18512,4647,2,6,-94
2023-06-09 10:53:03.731156,15,482,2646,4111,9637364,18480,4647,2,6,-92
2023-06-09 10:53:24.637223,0,482,2646,4111,9637307,18536,4648,2,6,-88
2023-06-09 10:53:55.668840,2,482,2646,4113,9637264,18506,4645,2,6,-87
2023-06-09 10:54:06.473851,3,483,2646,4111,9637434,18516,4648,2,6,-88
2023-06-09 10:54:32.514625,4,483,2647,4113,9637448,18538,4648,2,6,-89
2023-06-09 10:54:42.599511,5,483,2647,4114,9637466,18548,4647,2,6,-87
2023-06-09 10:54:58.494732,6,484,2647,4113,9637511,18476,4647,2,6,-88
2023-06-09 10:55:13.616394,7,484,2648,4114,9637241,18488,4646,2,6,-96
2023-06-09 10:55:34.519211,8,485,2648,4114,9637194,18526,4647,2,6,-92
2023-06-09 10:55:44.604383,9,486,2648,4115,9637164,18472,4645,2,6,-93
2023-06-09 10:56:20.617655,11,487,2649,4113,9636964,18502,4648,2,6,-93
2023-06-09 10:56:46.570236,12,487,2649,4111,9636870,18446,4646,2,6,-92
2023-06-09 10:57:01.745627,13,487,2650,4108,9636924,18504,4648,2,6,-96
2023-06-09 10:57:32.708869,15,486,2651,4109,9637196,18514,4647,2,6,-94
2023-06-09 10:57:43.520266,0,485,2651,4095,9637034,18486,4645,2,6,-90
2023-06-09 10:57:58.722829,1,484,2651,4087,9637253,18440,4648,2,6,-90
2023-06-09 10:58:14.575773,2,484,2651,4088,9637048,18418,4648,2,6,-90
2023-06-09 10:58:35.483289,3,484,2651,4089,9637101,18488,4647,2,6,-87
2023-06-09 10:59:00.712356,4,483,2651,4093,9637096,18538,4646,2,6,-93
2023-06-09 10:59:06.464791,5,484,2652,4098,9637001,18526,4649,2,6,-97
2023-06-09 10:59:32.462209,6,484,2651,4098,9636625,18416,4647,2,6,-95
2023-06-09 10:59:47.633566,7,483,2651,4102,9636812,18468,4646,2,6,-88
2023-06-09 11:00:08.628589,8,483,2651,4103,9636695,18466,4645,2,6,-100
2023-06-09 11:00:13.665137,9,483,2652,4101,9636779,18480,4647,2,6,-99
2023-06-09 11:00:55.497700,11,484,2652,4094,9636522,18440,4646,2,6,-89
2023-06-09 11:01:00.558757,12,484,2653,4092,9636567,18430,4646,2,6,-94
2023-06-09 11:01:26.561874,13,483,2653,4094,9636467,18460,4645,2,6,-91
2023-06-09 11:01:36.674510,14,483,2654,4093,9636517,18534,4646,2,6,-91
2023-06-09 11:02:02.664326,15,484,2654,4094,9636430,18456,4645,2,6,-92
2023-06-09 11:02:07.766240,0,483,2654,4095,9636405,18410,4646,2,6,-87
2023-06-09 11:02:28.698055,1,482,2654,4091,9636425,18444,4645,2,6,-86
2023-06-09 11:02:39.549509,2,482,2655,4094,9636659,18448,4648,2,6,-87
2023-06-09 11:03:00.479446,3,482,2655,4094,9636362,18466,4644,2,6,-91
2023-06-09 11:03:15.628799,4,481,2655,4092,9636437,18422,4646,2,6,-86
2023-06-09 11:03:52.496906,6,480,2656,4089,9636324,18464,4649,2,6,-89
2023-06-09 11:04:18.478856,8,479,2657,4083,9636379,18404,4647,2,6,-94
2023-06-09 11:04:54.473666,10,479,2657,4085,9636336,18348,4648,2,6,-89
2023-06-09 11:05:25.478855,12,478,2657,4085,9635883,18436,4646,2,6,-90
2023-06-09 11:05:56.489991,13,478,2657,4086,9635878,18440,4649,2,6,-95
2023-06-09 11:06:01.566864,14,478,2658,4087,9636142,18430,4648,2,6,-95
2023-06-09 11:06:22.469566,15,478,2657,4086,9635940,18402,4648,2,6,-96
2023-06-09 11:06:47.724973,1,478,2658,4086,9636099,18438,4646,2,6,-95
2023-06-09 11:07:03.537411,2,478,2659,4087,9636136,18412,4646,2,6,-93
2023-06-09 11:07:29.488025,3,477,2659,4087,9635904,18438,4648,2,6,-94
2023-06-09 11:07:39.576647,4,477,2659,4086,9635835,18424,4646,2,6,-94
2023-06-09 11:08:00.490761,5,477,2661,4084,9635986,18410,4645,2,6,-95
2023-06-09 11:08:20.693305,6,476,2660,4084,9636016,18404,4648,2,6,-93
2023-06-09 11:08:31.543395,7,475,2660,4092,9636034,18472,4647,2,6,-95
2023-06-09 11:08:46.705915,8,473,2661,4098,9636043,18398,4646,2,6,-84
2023-06-09 11:09:07.649416,9,472,2661,4096,9635864,18430,4645,2,6,-91
2023-06-09 11:09:28.590183,10,471,2660,4094,9636016,18404,4648,2,6,-87
2023-06-09 11:09:38.684108,11,470,2660,4092,9636016,18432,4645,2,6,-97
2023-06-09 11:09:54.573143,12,469,2661,4087,9636240,18386,4646,2,6,-95
2023-06-09 11:10:10.485039,13,468,2660,4063,9636064,18466,4647,2,6,-91
2023-06-09 11:20:55.493317,4,453,2654,4047,9635383,18384,4647,2,6,-91
2023-06-09 11:21:21.465387,5,453,2654,4048,9635271,18402,4647,2,6,-91
2023-06-09 11:21:26.525211,6,454,2655,4047,9635350,18382,4648,2,6,-86
2023-06-09 11:21:41.656201,7,454,2656,4044,9635440,18412,4646,2,6,-91
2023-06-09 11:22:18.496984,9,453,2657,4046,9635071,18404,4649,2,6,-85
2023-06-09 11:22:44.485600,10,454,2657,4043,9635155,18406,4647,2,6,-90
2023-06-09 11:22:49.548991,11,454,2659,4041,9635376,18460,4648,2,6,-91
2023-06-09 11:23:15.537908,12,454,2659,4039,9635214,18350,4646,2,6,-86
2023-06-09 11:23:30.694407,13,454,2659,4034,9635062,18376,4646,2,6,-91
2023-06-09 11:23:56.684622,15,453,2660,4028,9635383,18368,4646,2,6,-90
2023-06-09 11:24:12.643975,0,453,2660,4030,9635269,18432,4647,2,6,-90
2023-06-09 11:24:28.524004,1,452,2661,4031,9635166,18392,4646,2,6,-91
2023-06-09 11:24:59.596866,2,452,2661,4032,9634944,18364,4646,2,6,-90
2023-06-09 11:25:04.632253,3,452,2661,4029,9635450,18352,4645,2,6,-90
2023-06-09 11:25:30.678370,4,450,2661,4027,9635468,18314,4649,2,6,-86
2023-06-09 11:25:56.686588,6,449,2661,4032,9635582,18360,4645,2,6,-88
2023-06-09 11:26:07.535821,7,448,2662,4033,9635657,18316,4648,2,6,-84
2023-06-09 11:26:33.496470,8,448,2662,4037,9635417,18372,4646,2,6,-87
2023-06-09 11:26:43.609420,9,447,2662,4037,9635221,18326,4646,2,6,-100
2023-06-09 11:26:59.476311,10,447,2661,4039,9635089,18346,4645,2,6,-90
2023-06-09 11:27:14.587652,11,446,2662,4040,9635116,18326,4646,2,6,-94
2023-06-09 11:27:35.535787,12,445,2661,4042,9634892,18276,4648,2,6,-94
2023-06-09 11:27:56.518877,13,445,2661,4046,9634857,18346,4648,2,6,-88
2023-06-09 11:28:06.602604,14,445,2661,4044,9634775,18268,4647,2,6,-84
2023-06-09 11:28:37.664865,0,446,2661,4046,9634989,18382,4647,2,6,-89
2023-06-09 11:28:53.520362,1,445,2662,4046,9634964,18406,4647,2,6,-91
2023-06-09 11:29:13.699185,2,445,2662,4043,9634807,18378,4648,2,6,-90
2023-06-09 11:29:50.478970,4,445,2663,4043,9634809,18314,4647,2,6,-89
2023-06-09 11:30:21.548325,6,445,2663,4042,9634801,18334,4646,2,6,-96
2023-06-09 11:30:36.673598,7,445,2664,4044,9634806,18292,4647,2,6,-101
2023-06-09 11:30:52.523649,8,445,2664,4048,9634597,18358,4647,2,6,-95
2023-06-09 11:31:13.499631,9,445,2664,4048,9634641,18346,4646,2,6,-92
2023-06-09 11:31:28.712135,10,446,2665,4048,9634778,18278,4647,2,6,-90
2023-06-09 11:31:39.554373,11,446,2665,4048,9634883,18356,4647,2,6,-88
2023-06-09 11:32:05.538661,12,447,2666,4049,9634863,18288,4646,2,6,-89
2023-06-09 11:32:15.651469,13,447,2667,4057,9634934,18364,4647,2,6,-84
2023-06-09 11:32:31.538890,14,447,2667,4057,9634708,18368,4649,2,6,-92
2023-06-09 11:32:46.664411,15,447,2668,4058,9635033,18318,4648,2,6,-93
2023-06-09 11:33:07.574930,0,447,2669,4057,9635061,18326,4647,2,6,-89
2023-06-09 11:33:22.704404,1,447,2669,4053,9635048,18358,4646,2,6,-98
2023-06-09 11:33:38.565554,2,447,2670,4052,9635010,18258,4647,2,6,-90
2023-06-09 11:33:53.735090,3,447,2671,4053,9635484,18284,4649,2,6,-92
2023-06-09 11:34:09.626177,4,447,2670,4053,9635322,18280,4645,2,6,-92
2023-06-09 11:34:35.586341,5,447,2670,4053,9635142,18348,4647,2,6,-96
2023-06-09 11:34:40.676452,6,447,2671,4051,9635057,18292,4647,2,6,-91
2023-06-09 11:35:01.593067,7,447,2671,4048,9634913,18294,4648,2,6,-91
2023-06-09 11:35:17.531378,8,447,2672,4047,9635159,18306,4649,2,6,-90
2023-06-09 11:35:32.680395,9,447,2672,4050,9635037,18270,4646,2,6,-91
2023-06-09 11:36:09.523452,11,447,2672,4052,9634989,18322,4647,2,6,-88
2023-06-09 11:36:51.479822,13,447,2672,4050,9634967,18290,4647,2,6,-92
2023-06-09 11:37:11.651957,15,447,2672,4035,9634645,18332,4647,2,6,-87
2023-06-09 11:37:42.636182,0,447,2672,4036,9634683,18306,4647,2,6,-90
2023-06-09 11:37:47.669558,1,446,2672,4041,9634518,18282,4648,2,6,-90
2023-06-09 11:38:08.577461,2,446,2672,4043,9634471,18296,4646,2,6,-92
2023-06-09 11:38:18.671459,3,446,2672,4043,9634229,18284,4648,2,6,-91
2023-06-09 11:38:34.525080,4,446,2672,4045,9634453,18248,4649,2,6,-91
2023-06-09 11:39:00.488300,5,445,2672,4044,9634309,18342,4647,2,6,-94
2023-06-09 11:39:10.617210,6,445,2672,4048,9634139,18294,4647,2,6,-93
2023-06-09 11:39:36.531884,7,446,2673,4051,9634311,18276,4648,2,6,-88
2023-06-09 11:39:46.618627,8,446,2673,4049,9634433,18344,4650,2,6,-89
2023-06-09 11:39:56.709376,9,446,2673,4049,9634346,18318,4647,2,6,-89
2023-06-09 11:40:22.678806,10,446,2673,4048,9634211,18290,4647,2,6,-88
2023-06-09 11:40:33.502689,11,446,2675,4052,9634096,18298,4648,2,6,-88
2023-06-09 11:40:59.477353,12,445,2675,4052,9633949,18272,4647,2,6,-92
2023-06-09 11:41:04.525734,13,445,2676,4049,9634060,18232,4648,2,6,-87
2023-06-09 11:41:25.462363,14,445,2676,4051,9634147,18238,4646,2,6,-91
2023-06-09 11:41:35.558483,15,445,2677,4053,9634239,18280,4646,2,6,-86
2023-06-09 11:42:06.514668,0,445,2677,4064,9634205,18302,4646,2,6,-92
2023-06-09 11:42:26.686657,2,444,2678,4065,9634050,18292,4647,2,6,-87
2023-06-09 11:42:42.539945,3,444,2677,4060,9633848,18284,4646,2,6,-88
2023-06-09 11:43:03.479557,4,443,2677,4058,9633987,18290,4648,2,6,-88
2023-06-09 11:43:34.518241,6,443,2678,4056,9634082,18224,4648,2,6,-89
2023-06-09 11:43:49.646247,7,443,2679,4054,9633895,18216,4649,2,6,-87
2023-06-09 11:44:10.509751,8,443,2679,4056,9633580,18256,4646,2,6,-86
2023-06-09 11:44:20.597767,9,443,2680,4058,9633709,18244,4647,2,6,-87
2023-06-09 11:44:41.463770,10,443,2679,4059,9633455,18248,4646,2,6,-90
2023-06-09 11:45:17.553407,12,443,2680,4060,9633360,18268,4647,2,6,-86
2023-06-09 11:45:27.660165,13,443,2681,4064,9633332,18314,4646,2,6,-87
2023-06-09 11:45:43.530682,14,443,2681,4061,9633263,18320,4646,2,6,-88
2023-06-09 11:46:09.550453,15,443,2682,4060,9633133,18212,4647,2,6,-88
2023-06-09 11:46:30.529876,0,443,2682,4061,9633045,18286,4647,2,6,-91
2023-06-09 11:46:45.643196,1,444,2683,4063,9633244,18270,4646,2,6,-89
2023-06-09 11:46:50.671254,2,444,2683,4060,9633244,18162,4647,2,6,-90
2023-06-09 11:47:21.680317,3,444,2683,4061,9633132,18238,4649,2,6,-88
2023-06-09 11:47:37.577565,4,444,2684,4062,9633308,18218,4647,2,6,-88
2023-06-09 11:47:42.617017,5,444,2685,4063,9632894,18180,4648,2,6,-87
2023-06-09 11:47:58.479883,6,445,2685,4063,9632772,18186,4648,2,6,-88
2023-06-09 11:48:13.644970,7,445,2685,4061,9633328,18260,4648,2,6,-89
2023-06-09 11:48:34.603684,8,445,2686,4066,9633110,18190,4647,2,6,-90
2023-06-09 11:48:50.479716,9,446,2686,4062,9633033,18280,4648,2,6,-88
2023-06-09 11:49:15.736640,10,447,2687,4063,9633130,18190,4647,2,6,-86
2023-06-09 11:49:21.493220,11,447,2687,4061,9632903,18234,4648,2,6,-87
2023-06-09 11:49:41.639061,12,447,2688,4059,9632870,18230,4647,2,6,-85
2023-06-09 11:49:57.500272,13,448,2689,4056,9632954,18292,4648,2,6,-84
2023-06-09 11:50:23.540742,14,448,2688,4050,9632927,18306,4651,2,6,-82
2023-06-09 11:50:33.650916,15,449,2688,4047,9632723,18156,4649,2,6,-86
2023-06-09 11:53:36.682944,10,452,2690,4035,9632203,18236,4645,2,6,-91
2023-06-09 11:53:47.554282,11,453,2691,4032,9632208,18264,4647,2,6,-91
2023-06-09 11:54:08.460280,12,453,2691,4033,9632038,18190,4647,2,6,-87
2023-06-09 11:54:18.547986,13,454,2691,4032,9632008,18220,4646,2,6,-92
2023-06-09 11:54:33.685524,14,454,2691,4027,9631886,18256,4648,2,6,-84
2023-06-09 11:54:54.616980,15,454,2692,4019,9631831,18262,4645,2,6,-92
2023-06-09 11:55:10.485933,0,454,2693,4016,9631845,18216,4645,2,6,-95
2023-06-09 11:55:25.625398,1,455,2693,4018,9631810,18116,4647,2,6,-89
2023-06-09 11:55:51.563272,2,455,2693,4021,9631636,18146,4647,2,6,-91
2023-06-09 11:55:56.591646,3,455,2694,3992,9631864,18206,4647,2,6,-92
2023-06-09 11:56:37.666490,5,454,2694,3934,9631398,18190,4649,2,6,-85
2023-06-09 11:57:03.617759,7,453,2694,3934,9631306,18158,4647,2,6,-86
2023-06-09 11:57:34.671473,8,453,2694,3926,9631498,18220,4647,2,6,-90
2023-06-09 11:57:50.540649,9,453,2693,3942,9631296,18248,4645,2,6,-92
2023-06-09 11:57:55.588620,10,453,2693,3957,9631074,18226,4647,2,6,-94
2023-06-09 11:58:10.742527,11,453,2693,3965,9631266,18194,4647,2,6,-88
2023-06-09 11:58:26.566442,12,453,2694,3970,9631508,18212,4647,2,6,-86
2023-06-09 11:58:52.559337,13,454,2694,3971,9631700,18162,4646,2,6,-92
2023-06-09 11:59:02.668323,14,453,2694,3949,9631682,18164,4649,2,6,-84
2023-06-09 11:59:23.618710,15,453,2694,3907,9631385,18124,4646,2,6,-90
2023-06-09 11:59:49.623004,1,453,2693,3885,9631501,18160,4647,2,6,-89
2023-06-09 12:00:25.717891,3,453,2692,3919,9630993,18204,4648,2,6,-85
2023-06-09 12:00:41.608280,4,453,2692,3921,9630788,18238,4647,2,6,-85
2023-06-09 12:00:57.489224,5,453,2692,3930,9630526,18162,4648,2,6,-90
2023-06-09 12:01:17.737616,6,453,2692,3928,9630950,18176,4648,2,6,-93
2023-06-09 12:01:28.524790,7,453,2693,3927,9630379,18122,4647,2,6,-94
2023-06-09 12:01:54.511476,8,453,2692,3929,9629950,18202,4646,2,6,-87
2023-06-09 12:02:14.707450,9,453,2694,3932,9630770,18160,4647,2,6,-90
2023-06-09 12:02:35.680122,11,453,2693,3923,9630489,18206,4646,2,6,-88
2023-06-09 12:02:51.677376,12,453,2694,3926,9630884,18186,4647,2,6,-94
2023-06-09 12:03:17.680405,13,453,2695,3924,9630453,18184,4646,2,6,-86
2023-06-09 12:03:33.559111,14,453,2694,3913,9630465,18128,4645,2,6,-92
2023-06-09 12:03:48.694218,15,454,2696,3912,9630507,18186,4644,2,6,-85
2023-06-09 12:04:25.499234,1,454,2697,3915,9630805,18168,4647,2,6,-85
2023-06-09 12:04:40.672978,2,454,2697,3916,9630588,18132,4643,2,6,-90
2023-06-09 12:05:01.686019,3,454,2697,3894,9630977,18144,4645,2,6,-84
2023-06-09 12:05:22.682498,5,454,2697,3835,9630628,18198,4643,2,6,-85
2023-06-09 12:05:38.564123,6,454,2698,3809,9630468,18122,4643,2,6,-86
2023-06-09 12:05:59.509377,7,453,2698,3827,9630525,18164,4643,2,6,-86
2023-06-09 12:06:45.701761,10,453,2699,3844,9630535,18180,4645,2,6,-88
2023-06-09 12:07:22.475634,12,453,2699,3852,9630338,18158,4646,2,6,-86
2023-06-09 12:07:32.597450,13,453,2700,3858,9630619,18116,4645,2,6,-85
2023-06-09 12:08:03.543237,14,453,2700,3831,9630711,18176,4646,2,6,-87
2023-06-09 12:08:13.625486,15,453,2700,3840,9630507,18070,4645,2,6,-87
2023-06-09 12:08:29.469335,0,454,2700,3846,9630145,18124,4648,2,6,-84
2023-06-09 12:08:44.566803,1,454,2701,3843,9630957,18154,4645,2,6,-83
2023-06-09 12:09:20.558795,3,454,2702,3837,9631004,18166,4646,2,6,-80
2023-06-09 12:09:41.469826,4,454,2703,3830,9630774,18196,4647,2,6,-88
2023-06-09 12:09:51.555169,5,455,2704,3836,9631103,18132,4646,2,6,-88
2023-06-09 12:10:22.633576,7,455,2705,3842,9630778,18162,4644,2,6,-87
2023-06-09 12:10:58.691575,9,455,2706,3809,9630505,18140,4646,2,6,-88
2023-06-09 12:11:14.531549,10,455,2706,3819,9630478,18096,4644,2,6,-88
2023-06-09 12:11:29.651786,11,456,2706,3824,9630583,18072,4646,2,6,-90
2023-06-09 12:12:01.502203,13,456,2707,3823,9630472,18080,4645,2,6,-85
2023-06-09 12:12:16.662445,14,456,2708,3819,9630853,18064,4645,2,6,-89
2023-06-09 12:12:32.532547,15,456,2707,3819,9630629,18096,4646,2,6,-89
2023-06-09 12:12:52.698672,0,456,2707,3822,9630716,18030,4647,2,6,-84
2023-06-09 12:13:03.554070,1,456,2708,3827,9630840,18060,4647,2,6,-85
2023-06-09 12:13:29.518565,2,457,2708,3826,9630469,18070,4647,2,6,-76
2023-06-09 12:13:39.598707,3,457,2709,3827,9630566,18034,4647,2,6,-76
2023-06-09 12:14:00.557913,4,457,2709,3831,9630571,18158,4647,2,6,-91
2023-06-09 12:14:10.646751,5,457,2709,3831,9630772,18170,4646,2,6,-87
2023-06-09 12:14:31.511620,6,458,2709,3827,9630755,18122,4645,2,6,-76
2023-06-09 12:14:46.653040,7,458,2710,3829,9630565,18098,4645,2,6,-89
2023-06-09 12:15:02.541236,8,457,2710,3830,9630512,18146,4645,2,6,-91
2023-06-09 12:15:23.452173,9,457,2710,3828,9630460,18116,4646,2,6,-89
2023-06-09 12:15:33.532041,10,457,2711,3822,9630400,18108,4644,2,6,-86
2023-06-09 12:16:04.557484,11,457,2712,3822,9630449,18138,4646,2,6,-92
2023-06-09 12:16:09.610341,12,457,2711,3821,9630517,18128,4645,2,6,-89
2023-06-09 12:16:40.674868,14,457,2712,3799,9630249,18040,4646,2,6,-86
2023-06-09 12:17:06.747764,15,456,2712,3800,9630244,18090,4646,2,6,-84
2023-06-09 12:17:12.483493,0,456,2712,3756,9630865,18022,4643,2,6,-82
2023-06-09 12:17:38.502050,1,455,2712,3742,9630690,18068,4646,2,6,-83
2023-06-09 12:17:48.660900,2,455,2713,3758,9630762,18126,4647,2,6,-86
2023-06-09 12:18:14.722279,3,455,2714,3763,9630854,18056,4645,2,6,-83
2023-06-09 12:18:36.507623,5,454,2714,3769,9630550,18128,4644,2,6,-83
2023-06-09 12:19:02.563245,6,453,2714,3769,9630462,17988,4646,2,6,-86
2023-06-09 12:19:12.678965,7,453,2714,3781,9630318,18082,4645,2,6,-82
2023-06-09 12:19:28.645204,8,452,2714,3788,9630415,18096,4645,2,6,-82
2023-06-09 12:19:44.572038,9,452,2715,3795,9630005,18022,4646,2,6,-89
2023-06-09 12:20:16.509327,11,452,2715,3797,9630023,18006,4646,2,6,-83
2023-06-09 12:20:31.745656,12,452,2716,3790,9629758,18094,4644,2,6,-84
2023-06-09 12:21:03.616444,13,452,2716,3785,9629702,18016,4644,2,6,-84
2023-06-09 12:21:24.638540,15,452,2716,3780,9629615,18002,4645,2,6,-91
2023-06-09 12:21:40.564080,0,452,2716,3774,9630139,18070,4646,2,6,-83
2023-06-09 12:22:06.662876,1,452,2717,3746,9630503,18000,4644,2,6,-84
2023-06-09 12:22:17.479768,2,451,2717,3739,9629961,17972,4644,2,6,-84
2023-06-09 12:22:27.677990,3,451,2719,3721,9629955,18010,4644,2,6,-85
2023-06-09 12:22:54.474039,4,450,2719,3724,9629890,17958,4643,2,6,-85
2023-06-09 12:23:04.655787,5,448,2719,3702,9629908,18028,4644,2,6,-83
2023-06-09 12:23:36.488279,7,446,2720,3722,9629630,18076,4645,2,6,-87
2023-06-09 12:23:51.721174,8,446,2720,3738,9629687,17950,4644,2,6,-86
2023-06-09 12:24:07.626472,9,446,2720,3742,9629617,17976,4644,2,6,-85
2023-06-09 12:24:39.514218,11,447,2722,3756,9629975,18082,4644,2,6,-87
2023-06-09 12:25:21.482255,13,447,2723,3759,9629578,18006,4645,2,6,-88
2023-06-09 12:25:31.598789,14,446,2723,3760,9629531,18016,4646,2,6,-85
2023-06-09 12:26:03.477737,0,447,2725,3762,9630053,18014,4644,2,6,-83
2023-06-09 12:26:24.615777,1,447,2724,3759,9629839,17942,4644,2,6,-91
2023-06-09 12:26:35.505675,2,447,2725,3752,9629564,18044,4645,2,6,-84
2023-06-09 12:27:01.584223,3,447,2725,3761,9629447,18012,4643,2,6,-83
2023-06-09 12:27:11.729148,4,447,2725,3764,9629783,17958,4643,2,6,-85
2023-06-09 12:27:27.655209,5,447,2725,3762,9630006,17990,4643,2,6,-83
2023-06-09 12:27:43.589534,6,447,2726,3756,9630037,17928,4645,2,6,-87
2023-06-09 12:28:20.503697,8,447,2726,3715,9630199,17888,4643,2,6,-87
2023-06-09 12:28:46.601817,9,447,2725,3717,9630033,17980,4646,2,6,-84
2023-06-09 12:28:51.690200,10,446,2725,3718,9629980,17902,4645,2,6,-85
2023-06-09 12:29:18.484801,11,446,2726,3722,9630191,17996,4645,2,6,-85
2023-06-09 12:29:23.542666,12,446,2726,3711,9630453,17952,4645,2,6,-84
2023-06-09 12:29:49.611100,13,446,2727,3700,9630341,17876,4645,2,6,-84
2023-06-09 12:29:54.667680,14,446,2726,3691,9630187,17974,4646,2,6,-84
2023-06-09 12:30:10.636508,15,446,2727,3703,9630211,17982,4646,2,6,-83
2023-06-09 12:30:36.701923,0,446,2727,3712,9630031,17858,4645,2,6,-83
2023-06-09 12:30:52.630787,1,445,2728,3711,9630185,17992,4642,2,6,-84
2023-06-09 12:31:19.502694,3,444,2729,3706,9630252,18002,4644,2,6,-83
2023-06-09 12:31:34.708703,4,444,2728,3711,9630155,17998,4645,2,6,-85
2023-06-09 12:31:56.506762,5,443,2729,3718,9629938,17968,4644,2,6,-85
2023-06-09 12:32:22.586714,6,443,2729,3720,9629785,17944,4646,2,6,-85
2023-06-09 12:32:27.645553,7,443,2729,3719,9629995,17926,4645,2,6,-83
2023-06-09 12:32:59.521049,9,443,2730,3711,9630281,17890,4643,2,6,-85
2023-06-09 12:33:36.491504,11,443,2731,3711,9630121,17954,4645,2,6,-85
2023-06-09 12:33:46.655638,12,442,2731,3712,9630225,17942,4645,2,6,-82
2023-06-09 12:34:07.721222,13,442,2730,3712,9629902,17978,4644,2,6,-82
2023-06-09 12:34:39.502201,15,442,2733,3698,9629962,17936,4647,2,6,-83
2023-06-09 12:35:05.620216,0,441,2732,3696,9630022,18010,4644,2,6,-84
2023-06-09 12:35:10.688374,1,441,2733,3685,9630264,17982,4643,2,6,-84
2023-06-09 12:35:31.682076,2,442,2733,3685,9630102,17970,4646,2,6,-82
2023-06-09 12:35:42.544178,3,441,2734,3661,9630383,17952,4645,2,6,-83
2023-06-09 12:36:13.655139,4,441,2734,3656,9630458,17882,4643,2,6,-85
2023-06-09 12:36:18.720772,5,441,2734,3619,9630278,17942,4646,2,6,-84
2023-06-09 12:36:44.707762,6,441,2734,3625,9630532,18034,4646,2,6,-86
2023-06-09 12:36:50.499894,7,441,2734,3632,9630694,17972,4646,2,6,-86
2023-06-09 12:37:05.703567,8,440,2735,3642,9630647,17952,4646,2,6,-82
2023-06-09 12:37:26.733498,9,440,2734,3640,9630296,18016,4646,2,6,-85
2023-06-09 12:37:42.582368,10,439,2734,3638,9630340,17990,4646,2,6,-87
2023-06-09 12:37:58.502934,11,437,2733,3648,9630496,17970,4645,2,6,-86
2023-06-09 12:38:13.690491,12,436,2733,3620,9630373,17942,4645,2,6,-86
2023-06-09 12:38:35.488607,13,435,2734,3628,9630393,17976,4645,2,6,-83
2023-06-09 12:39:06.548233,15,433,2734,3641,9630485,17950,4646,2,6,-85
2023-06-09 12:39:37.663175,1,433,2734,3633,9630467,17930,4644,2,6,-82
2023-06-09 12:40:04.481705,2,432,2735,3627,9630512,17944,4648,2,6,-87
2023-06-09 12:40:14.602568,3,433,2735,3627,9630297,17954,4644,2,6,-85
2023-06-09 12:40:25.505374,4,433,2735,3637,9630324,17946,4645,2,6,-81
2023-06-09 12:40:41.502144,5,433,2735,3642,9630517,17934,4646,2,6,-85
2023-06-09 12:41:13.480940,7,433,2735,3646,9630097,17874,4646,2,6,-83
2023-06-09 12:41:49.671593,9,432,2735,3624,9629997,17968,4645,2,6,-87
2023-06-09 12:42:21.481632,11,432,2735,3623,9629840,17962,4645,2,6,-87
2023-06-09 12:42:52.587414,12,432,2736,3597,9629790,17998,4644,2,6,-89
2023-06-09 12:42:57.673372,13,432,2736,3615,9629762,17940,4645,2,6,-93
2023-06-09 12:43:34.557535,15,432,2736,3629,9629685,17974,4644,2,6,-82
2023-06-09 12:43:44.654506,0,432,2737,3631,9629717,17932,4645,2,6,-88
2023-06-09 12:44:05.632936,1,432,2737,3629,9629869,17996,4646,2,6,-87
2023-06-09 12:44:16.494277,2,433,2737,3631,9629844,17898,4646,2,6,-83
2023-06-09 12:44:37.477501,3,433,2737,3633,9629669,17968,4644,2,6,-88
2023-06-09 12:45:03.501111,4,433,2738,3632,9629574,17978,4644,2,6,-82
2023-06-09 12:45:13.619327,5,433,2738,3610,9629324,17904,4644,2,6,-88
2023-06-09 12:45:23.709799,6,433,2738,3610,9629591,17950,4643,2,6,-82
2023-06-09 12:45:39.604281,7,433,2738,3620,9629504,17904,4645,2,6,-86
2023-06-09 12:46:00.579354,8,433,2738,3604,9629491,17940,4645,2,6,-87
2023-06-09 12:46:31.633871,10,433,2739,3589,9629640,17868,4643,2,6,-82
2023-06-09 12:46:58.478867,11,433,2738,3556,9629474,17934,4643,2,6,-82
2023-06-09 12:47:08.606915,12,433,2737,3541,9629158,17876,4645,2,6,-82
2023-06-09 12:47:24.488770,13,432,2738,3538,9629551,17878,4643,2,6,-86
2023-06-09 12:47:39.614994,14,431,2736,3550,9629161,17852,4644,2,6,-94
